step,transaction_hour,transaction_day,transaction_type,total_transactions,total_volume_usd,fraud_transactions,fraud_exposure_usd
1,0,1,CASH_IN,527,85500789.61,0,0.0
1,0,1,CASH_OUT,388,66629775.94,9,2144545.49
1,0,1,DEBIT,148,663632.33,0,0.0
1,0,1,PAYMENT,1369,8337616.69,0,0.0
1,0,1,TRANSFER,276,124297366.58,7,1595701.52
2,1,1,CASH_IN,203,32496559.82,0,0.0
2,1,1,CASH_OUT,104,15942243.38,4,2093296.24
2,1,1,DEBIT,71,240648.47,0,0.0
2,1,1,PAYMENT,555,3937091.69,0,0.0
2,1,1,TRANSFER,81,33305060.66,4,2093296.24
3,2,1,CASH_IN,124,21176788.56,0,0.0
3,2,1,CASH_OUT,52,4834670.58,2,33416.37
3,2,1,DEBIT,25,96379.85,0,0.0
3,2,1,PAYMENT,316,3011608.8,0,0.0
3,2,1,TRANSFER,35,14174436.63,2,33416.37
4,3,1,CASH_IN,136,23541190.43,0,0.0
4,3,1,CASH_OUT,77,22721281.61,5,13200137.45
4,3,1,DEBIT,16,11476.22,0,0.0
4,3,1,PAYMENT,294,1262506.12,0,0.0
4,3,1,TRANSFER,42,25373574.19,5,13200137.45
5,4,1,CASH_IN,131,25071346.06,0,0.0
5,4,1,CASH_OUT,61,10303008.6,3,190920.77
5,4,1,DEBIT,24,47601.62,0,0.0
5,4,1,PAYMENT,419,2644895.46,0,0.0
5,4,1,TRANSFER,30,7481238.01,3,190920.77
6,5,1,CASH_IN,300,52998161.49,0,0.0
6,5,1,CASH_OUT,174,30301591.55,11,487434.84
6,5,1,DEBIT,21,69496.59,0,0.0
6,5,1,PAYMENT,1003,12249798.46,0,0.0
6,5,1,TRANSFER,162,68691503.13,11,487434.84
7,6,1,CASH_IN,1002,166049774.4,0,0.0
7,6,1,CASH_OUT,1155,204636174.53,6,6207347.03
7,6,1,DEBIT,107,387519.67,0,0.0
7,6,1,PAYMENT,3821,29722267.25,0,0.0
7,6,1,TRANSFER,752,432135078.39,6,6207347.03
8,7,1,CASH_IN,3953,651968262.85,0,0.0
8,7,1,CASH_OUT,6137,1096585316.38,6,346377.38
8,7,1,DEBIT,148,507625.64,0,0.0
8,7,1,PAYMENT,8882,84876354.05,0,0.0
8,7,1,TRANSFER,1977,1605664848.43,6,1242663.03
9,8,1,CASH_IN,8087,1388800804.8,0,0.0
9,8,1,CASH_OUT,13184,2533949644.41,9,5241088.51
9,8,1,DEBIT,229,1119875.68,0,0.0
9,8,1,PAYMENT,13105,168557968.83,0,0.0
9,8,1,TRANSFER,3023,2915950945.71,10,6235541.71
10,9,1,CASH_IN,7518,1398498808.8,0,0.0
10,9,1,CASH_OUT,12516,2629174024.58,6,3606974.3
10,9,1,DEBIT,275,1231411.27,0,0.0
10,9,1,PAYMENT,12764,151899799.91,0,0.0
10,9,1,TRANSFER,2918,2943410849.15,5,3329003.42
11,10,1,CASH_IN,7841,1435300434.18,0,0.0
11,10,1,CASH_OUT,13081,2822789751.32,3,327979.28
11,10,1,DEBIT,278,1546801.46,0,0.0
11,10,1,PAYMENT,13054,173497410.09,0,0.0
11,10,1,TRANSFER,2987,2581932080.96,4,2261900.08
12,11,1,CASH_IN,7684,1480154005.31,0,0.0
12,11,1,CASH_OUT,13111,2747818497.91,8,7474118.0600000005
12,11,1,DEBIT,255,8944374.1,0,0.0
12,11,1,PAYMENT,12142,164235951.55,0,0.0
12,11,1,TRANSFER,2961,2353131975.88,6,7102400.69
13,12,1,CASH_IN,8131,1543245212.55,0,0.0
13,12,1,CASH_OUT,13892,2794368231.12,7,14562884.62
13,12,1,DEBIT,217,899031.15,0,0.0
13,12,1,PAYMENT,12075,171257206.0,0,0.0
13,12,1,TRANSFER,3200,2337771319.15,7,14231220.18
14,13,1,CASH_IN,9140,1624930275.88,0,0.0
14,13,1,CASH_OUT,15984,3110507762.66,6,8623687.75
14,13,1,DEBIT,190,958296.47,0,0.0
14,13,1,PAYMENT,12758,130047919.85,0,0.0
14,13,1,TRANSFER,3413,2007742678.76,6,8623687.75
15,14,1,CASH_IN,9939,1714817153.79,0,0.0
15,14,1,CASH_OUT,17447,3322879186.63,11,2391982.33
15,14,1,DEBIT,258,1215836.79,0,0.0
15,14,1,PAYMENT,13381,149756881.08,0,0.0
15,14,1,TRANSFER,3584,1995054148.24,9,2256840.73
16,15,1,CASH_IN,9928,1746535418.58,0,0.0
16,15,1,CASH_OUT,16308,3083640556.94,5,5881551.72
16,15,1,DEBIT,248,968802.64,0,0.0
16,15,1,PAYMENT,12598,154097525.98,0,0.0
16,15,1,TRANSFER,3389,1974842387.01,5,5881551.72
17,16,1,CASH_IN,9897,1678635811.53,0,0.0
17,16,1,CASH_OUT,16645,3028075622.35,4,2182717.85
17,16,1,DEBIT,315,1600335.01,0,0.0
17,16,1,PAYMENT,13014,166623077.16,0,0.0
17,16,1,TRANSFER,3490,2241390886.22,3,2140655.0300000003
18,17,1,CASH_IN,11197,1809671395.07,0,0.0
18,17,1,CASH_OUT,19440,3194588665.32,9,5667624.71
18,17,1,DEBIT,314,1233864.93,0,0.0
18,17,1,PAYMENT,14738,160226377.94,0,0.0
18,17,1,TRANSFER,3890,2089351275.0,7,4844590.93
19,18,1,CASH_IN,11875,1868721005.97,0,0.0
19,18,1,CASH_OUT,19822,3072409624.42,6,15766147.85
19,18,1,DEBIT,420,1428266.35,0,0.0
19,18,1,PAYMENT,15289,147910524.37,0,0.0
19,18,1,TRANSFER,3946,2013377108.86,5,15644046.280000001
20,19,1,CASH_IN,8961,1342679682.33,0,0.0
20,19,1,CASH_OUT,14503,2082739610.33,2,464639.88
20,19,1,DEBIT,319,1717238.25,0,0.0
20,19,1,PAYMENT,13802,126097823.0,0,0.0
20,19,1,TRANSFER,3040,1620696608.02,2,464639.88
21,20,1,CASH_IN,3772,548880768.68,0,0.0
21,20,1,CASH_OUT,5657,834013339.71,3,966914.64
21,20,1,DEBIT,218,1176643.33,0,0.0
21,20,1,PAYMENT,7924,68622262.29,0,0.0
21,20,1,TRANSFER,1581,787140141.37,2,943622.34
22,21,1,CASH_IN,2345,370032352.45,0,0.0
22,21,1,CASH_OUT,2919,474920852.85,12,5759342.85
22,21,1,DEBIT,212,1325136.05,0,0.0
22,21,1,PAYMENT,6101,56327474.8,0,0.0
22,21,1,TRANSFER,1058,553543028.52,11,5669771.39
23,22,1,CASH_IN,840,141310397.92,0,0.0
23,22,1,CASH_OUT,1146,199875324.37,1,146127.1
23,22,1,DEBIT,71,220436.16,0,0.0
23,22,1,PAYMENT,3545,38096012.51,0,0.0
23,22,1,TRANSFER,542,277615800.27,1,146127.1
24,23,1,CASH_IN,495,87103032.04,0,0.0
24,23,1,CASH_OUT,594,110810265.94,3,1285026.98
24,23,1,DEBIT,91,311853.47,0,0.0
24,23,1,PAYMENT,1727,19133672.14,0,0.0
24,23,1,TRANSFER,309,174804220.46,3,1285026.98
25,0,2,CASH_IN,276,49942785.83,0,0.0
25,0,2,CASH_OUT,246,46765734.43,9,4116662.98
25,0,2,DEBIT,50,354589.1,0,0.0
25,0,2,PAYMENT,917,8501799.13,0,0.0
25,0,2,TRANSFER,109,85105901.1,9,4116662.98
26,1,2,CASH_IN,129,21161287.26,0,0.0
26,1,2,CASH_OUT,78,16676090.03,6,3490157.45
26,1,2,DEBIT,5,5714.91,0,0.0
26,1,2,PAYMENT,194,970195.39,0,0.0
26,1,2,TRANSFER,34,15014460.26,6,3490157.45
27,2,2,CASH_OUT,14,4807049.46,4,2538476.63
27,2,2,PAYMENT,18,90481.74,0,0.0
27,2,2,TRANSFER,9,5651531.63,4,2538476.63
28,3,2,CASH_OUT,2,4323576.109999999,2,4323576.109999999
28,3,2,TRANSFER,2,4323576.109999999,2,4323576.109999999
29,4,2,CASH_OUT,2,608840.23,2,608840.23
29,4,2,TRANSFER,2,608840.23,2,608840.23
30,5,2,CASH_OUT,4,487600.46,4,487600.46
30,5,2,TRANSFER,4,487600.46,4,487600.46
31,6,2,CASH_OUT,6,6463564.02,6,6463564.02
31,6,2,TRANSFER,6,6463564.02,6,6463564.02
32,7,2,CASH_OUT,6,4680910.04,6,4680910.04
32,7,2,TRANSFER,6,4680910.04,6,4680910.04
33,8,2,CASH_IN,5642,977936068.26,0,0.0
33,8,2,CASH_OUT,7997,1552509172.06,6,31495043.080000002
33,8,2,DEBIT,95,420153.37,0,0.0
33,8,2,PAYMENT,7792,82661437.17,0,0.0
33,8,2,TRANSFER,2090,1621799703.77,6,31495043.080000002
34,9,2,CASH_IN,7084,1208102545.23,0,0.0
34,9,2,CASH_OUT,11261,2283627182.78,11,5037395.93
34,9,2,DEBIT,149,472993.84,0,0.0
34,9,2,PAYMENT,9777,126919326.06,0,0.0
34,9,2,TRANSFER,2633,1891001086.44,11,5037395.93
35,10,2,CASH_IN,6620,1154726075.8,0,0.0
35,10,2,CASH_OUT,10533,2095785967.58,8,14543221.950000001
35,10,2,DEBIT,84,226420.72,0,0.0
35,10,2,PAYMENT,9379,118587983.46,0,0.0
35,10,2,TRANSFER,2541,1926517219.79,7,14430941.07
36,11,2,CASH_IN,8579,1530614081.45,0,0.0
36,11,2,CASH_OUT,15525,3080487267.62,10,6553335.53
36,11,2,DEBIT,118,338575.21,0,0.0
36,11,2,PAYMENT,12086,191027137.32,0,0.0
36,11,2,TRANSFER,3466,2029746498.31,9,6318958.24
37,12,2,CASH_IN,7450,1340350661.19,0,0.0
37,12,2,CASH_OUT,13131,2541774478.52,7,6999861.6
37,12,2,DEBIT,144,674028.84,0,0.0
37,12,2,PAYMENT,10416,152353928.76,0,0.0
37,12,2,TRANSFER,2859,1926867381.85,6,6887375.14
38,13,2,CASH_IN,7015,1247569666.72,0,0.0
38,13,2,CASH_OUT,12004,2347358596.97,9,9477627.11
38,13,2,DEBIT,152,652321.38,0,0.0
38,13,2,PAYMENT,9720,97613785.71,0,0.0
38,13,2,TRANSFER,2562,1549153408.69,7,8493202.35
39,14,2,CASH_IN,5506,940584138.94,0,0.0
39,14,2,CASH_OUT,8396,1650151000.21,6,10457428.43
39,14,2,DEBIT,98,299262.62,0,0.0
39,14,2,PAYMENT,7279,75966302.48,0,0.0
39,14,2,TRANSFER,2112,1110662619.03,6,10457428.43
40,15,2,CASH_IN,7542,1326524315.78,0,0.0
40,15,2,CASH_OUT,13055,2510366383.82,7,9245900.28
40,15,2,DEBIT,160,452020.83,0,0.0
40,15,2,PAYMENT,10507,119988759.18,0,0.0
40,15,2,TRANSFER,3006,1653431569.43,7,9245900.28
41,16,2,CASH_IN,8236,1435192196.28,0,0.0
41,16,2,CASH_OUT,13929,2618061805.16,6,6636562.45
41,16,2,DEBIT,162,1059432.07,0,0.0
41,16,2,PAYMENT,11007,110667994.16,0,0.0
41,16,2,TRANSFER,3014,1623087174.72,6,6636562.45
42,17,2,CASH_IN,9488,1576448970.19,0,0.0
42,17,2,CASH_OUT,15794,2727467903.54,7,12963263.23
42,17,2,DEBIT,145,1028958.68,0,0.0
42,17,2,PAYMENT,12552,131501669.52,0,0.0
42,17,2,TRANSFER,3325,1924126979.67,7,12963263.23
43,18,2,CASH_IN,9852,1536568940.93,0,0.0
43,18,2,CASH_OUT,17655,2845729052.28,6,1293543.9000000001
43,18,2,DEBIT,235,1554706.03,0,0.0
43,18,2,PAYMENT,13769,144851816.86,0,0.0
43,18,2,TRANSFER,3549,1983049729.57,7,2689394.45
44,19,2,CASH_IN,8069,1223680813.77,0,0.0
44,19,2,CASH_OUT,13847,2064179261.21,4,2616599.27
44,19,2,DEBIT,249,1569375.8,0,0.0
44,19,2,PAYMENT,13304,121290087.44,0,0.0
44,19,2,TRANSFER,3054,1419458564.85,4,2616599.27
45,20,2,CASH_IN,3735,548522181.41,0,0.0
45,20,2,CASH_OUT,5458,834401804.97,8,19458219.330000002
45,20,2,DEBIT,177,1038754.77,0,0.0
45,20,2,PAYMENT,7517,65128125.05,0,0.0
45,20,2,TRANSFER,1613,710527239.41,8,19458219.330000002
46,21,2,CASH_IN,2365,363260892.36,0,0.0
46,21,2,CASH_OUT,3053,494387963.03,7,12433633.790000001
46,21,2,DEBIT,222,851849.52,0,0.0
46,21,2,PAYMENT,5770,47220312.06,0,0.0
46,21,2,TRANSFER,1035,491233316.99,7,12433633.790000001
47,22,2,CASH_IN,1429,222013693.66,0,0.0
47,22,2,CASH_OUT,1733,290875420.97,10,5869573.78
47,22,2,DEBIT,153,1234779.96,0,0.0
47,22,2,PAYMENT,4641,37410031.01,0,0.0
47,22,2,TRANSFER,725,344543931.33,11,6072552.43
48,23,2,CASH_IN,690,112630220.3,0,0.0
48,23,2,CASH_OUT,876,152296957.65,5,7751215.05
48,23,2,DEBIT,112,430081.63,0,0.0
48,23,2,PAYMENT,3502,28342000.68,0,0.0
48,23,2,TRANSFER,513,247239278.49,5,7751215.05
49,0,3,CASH_IN,137,23705176.78,0,0.0
49,0,3,CASH_OUT,87,14089518.31,2,1135146.86
49,0,3,DEBIT,24,31606.65,0,0.0
49,0,3,PAYMENT,480,3127637.43,0,0.0
49,0,3,TRANSFER,36,13891966.58,2,1135146.86
50,1,3,CASH_OUT,3,1672559.47,3,1672559.47
50,1,3,TRANSFER,3,1672559.47,3,1672559.47
51,2,3,CASH_OUT,7,4156666.97,7,4156666.97
51,2,3,TRANSFER,7,4156666.97,7,4156666.97
52,3,3,CASH_OUT,4,9674965.96,4,9674965.96
52,3,3,TRANSFER,4,9674965.96,4,9674965.96
53,4,3,CASH_OUT,5,6308950.7700000005,5,6308950.7700000005
53,4,3,TRANSFER,5,6308950.7700000005,5,6308950.7700000005
54,5,3,CASH_OUT,2,1788799.1800000002,2,1788799.1800000002
54,5,3,TRANSFER,2,1788799.1800000002,2,1788799.1800000002
55,6,3,CASH_OUT,6,2484575.41,6,2484575.41
55,6,3,TRANSFER,6,2484575.41,6,2484575.41
56,7,3,CASH_OUT,9,10899785.38,9,10899785.38
56,7,3,TRANSFER,9,10899785.38,9,10899785.38
57,8,3,CASH_OUT,3,1526867.46,3,1526867.46
57,8,3,TRANSFER,3,1526867.46,3,1526867.46
58,9,3,CASH_OUT,10,20416314.43,10,20416314.43
58,9,3,TRANSFER,10,20416314.43,10,20416314.43
59,10,3,CASH_OUT,10,12853918.86,10,12853918.86
59,10,3,TRANSFER,10,12853918.86,10,12853918.86
60,11,3,CASH_OUT,6,2525912.3,6,2525912.3
60,11,3,TRANSFER,6,2525912.3,6,2525912.3
61,12,3,CASH_OUT,7,5163187.38,7,5163187.38
61,12,3,TRANSFER,7,5163187.38,7,5163187.38
62,13,3,CASH_OUT,4,2256158.2800000003,4,2256158.2800000003
62,13,3,TRANSFER,4,2256158.2800000003,4,2256158.2800000003
63,14,3,CASH_OUT,4,2053394.88,4,2053394.88
63,14,3,TRANSFER,4,2053394.88,4,2053394.88
64,15,3,CASH_OUT,9,7340663.9799999995,9,7340663.9799999995
64,15,3,TRANSFER,9,7340663.9799999995,9,7340663.9799999995
65,16,3,CASH_OUT,10,8163413.91,10,8163413.91
65,16,3,TRANSFER,10,8163413.91,10,8163413.91
66,17,3,CASH_OUT,12,21762995.56,12,21762995.56
66,17,3,TRANSFER,12,21762995.56,12,21762995.56
67,18,3,CASH_OUT,3,1177300.28,3,1177300.28
67,18,3,TRANSFER,3,1177300.28,3,1177300.28
68,19,3,CASH_OUT,9,14941179.040000001,9,14941179.040000001
68,19,3,TRANSFER,9,14941179.040000001,9,14941179.040000001
69,20,3,CASH_OUT,10,20729184.64,10,20729184.64
69,20,3,TRANSFER,10,20729184.64,10,20729184.64
70,21,3,CASH_OUT,3,1470623.97,3,1470623.97
70,21,3,TRANSFER,3,1470623.97,3,1470623.97
71,22,3,CASH_OUT,10,6827675.72,10,6827675.72
71,22,3,TRANSFER,10,6827675.72,10,6827675.72
72,23,3,CASH_OUT,7,29924189.61,7,29924189.61
72,23,3,TRANSFER,7,29924189.61,7,29924189.61
73,0,4,CASH_OUT,4,1291237.21,4,1291237.21
73,0,4,TRANSFER,4,1291237.21,4,1291237.21
74,1,4,CASH_OUT,11,16897097.53,11,16897097.53
74,1,4,TRANSFER,11,16897097.53,11,16897097.53
75,2,4,CASH_OUT,4,2985307.53,4,2985307.53
75,2,4,TRANSFER,4,2985307.53,4,2985307.53
76,3,4,CASH_OUT,2,2076363.54,2,2076363.54
76,3,4,TRANSFER,2,2076363.54,2,2076363.54
77,4,4,CASH_OUT,5,17962750.0,5,17962750.0
77,4,4,TRANSFER,5,17962750.0,5,17962750.0
78,5,4,CASH_OUT,5,5604072.45,5,5604072.45
78,5,4,TRANSFER,5,5604072.45,5,5604072.45
79,6,4,CASH_OUT,5,3130803.07,5,3130803.07
79,6,4,TRANSFER,5,3130803.07,5,3130803.07
80,7,4,CASH_OUT,5,1496311.3,5,1496311.3
80,7,4,TRANSFER,5,1496311.3,5,1496311.3
81,8,4,CASH_OUT,5,5101059.47,5,5101059.47
81,8,4,TRANSFER,5,5101059.47,5,5101059.47
82,9,4,CASH_OUT,5,17906237.14,5,17906237.14
82,9,4,TRANSFER,5,17906237.14,5,17906237.14
83,10,4,CASH_OUT,6,5304155.2,6,5304155.2
83,10,4,TRANSFER,6,5304155.2,6,5304155.2
84,11,4,CASH_OUT,8,18305642.990000002,8,18305642.990000002
84,11,4,TRANSFER,8,18305642.990000002,8,18305642.990000002
85,12,4,CASH_OUT,7,12809468.56,7,12809468.56
85,12,4,TRANSFER,7,12809468.56,7,12809468.56
86,13,4,CASH_OUT,9,26782782.28,9,26782782.28
86,13,4,TRANSFER,9,26782782.28,9,26782782.28
87,14,4,CASH_OUT,3,1313660.79,3,1313660.79
87,14,4,TRANSFER,3,1313660.79,3,1313660.79
88,15,4,CASH_OUT,4,17314021.2,4,17314021.2
88,15,4,TRANSFER,4,17314021.2,4,17314021.2
89,16,4,CASH_OUT,3,1078790.56,3,1078790.56
89,16,4,TRANSFER,3,1078790.56,3,1078790.56
90,17,4,CASH_OUT,8,10387255.17,8,10387255.17
90,17,4,TRANSFER,8,10387255.17,8,10387255.17
91,18,4,CASH_OUT,4,2169942.55,4,2169942.55
91,18,4,TRANSFER,4,2169942.55,4,2169942.55
92,19,4,CASH_OUT,5,1877059.3800000001,5,1877059.3800000001
92,19,4,TRANSFER,5,1877059.3800000001,5,1877059.3800000001
93,20,4,CASH_IN,914,139277650.85,0,0.0
93,20,4,CASH_OUT,1266,202473051.36,8,8619733.61
93,20,4,DEBIT,27,88319.98,0,0.0
93,20,4,PAYMENT,1836,15783791.78,0,0.0
93,20,4,TRANSFER,401,250519416.3,8,8619733.61
94,21,4,CASH_IN,2106,334714353.4,0,0.0
94,21,4,CASH_OUT,2340,393112177.0,6,7287084.17
94,21,4,DEBIT,97,1273724.3,0,0.0
94,21,4,PAYMENT,4960,44478686.42,0,0.0
94,21,4,TRANSFER,869,513096304.0,6,7287084.17
95,22,4,CASH_IN,962,165058098.42,0,0.0
95,22,4,CASH_OUT,1406,257848746.06,7,13154811.81
95,22,4,DEBIT,98,374708.12,0,0.0
95,22,4,PAYMENT,3759,38645571.37,0,0.0
95,22,4,TRANSFER,633,391666915.59,7,13154811.81
96,23,4,CASH_IN,866,145244159.35,0,0.0
96,23,4,CASH_OUT,1132,240998031.95,2,18267760.5
96,23,4,DEBIT,118,295171.45,0,0.0
96,23,4,PAYMENT,3731,27209790.5,0,0.0
96,23,4,TRANSFER,503,324800656.55,2,18267760.5
97,0,5,CASH_IN,194,34583837.16,0,0.0
97,0,5,CASH_OUT,93,20665740.38,5,5452954.739999999
97,0,5,DEBIT,22,37675.98,0,0.0
97,0,5,PAYMENT,339,3313900.65,0,0.0
97,0,5,TRANSFER,37,16082360.53,5,5452954.739999999
98,1,5,CASH_OUT,7,6445709.99,7,6445709.99
98,1,5,TRANSFER,7,6445709.99,7,6445709.99
99,2,5,CASH_OUT,4,6522056.9,4,6522056.9
99,2,5,TRANSFER,4,6522056.9,4,6522056.9
100,3,5,CASH_OUT,3,1506829.14,3,1506829.14
100,3,5,TRANSFER,3,1506829.14,3,1506829.14
101,4,5,CASH_OUT,6,6031120.51,6,6031120.51
101,4,5,TRANSFER,6,6031120.51,6,6031120.51
102,5,5,CASH_OUT,6,3221499.81,6,3221499.81
102,5,5,TRANSFER,6,3221499.81,6,3221499.81
103,6,5,CASH_OUT,4,2741453.88,4,2741453.88
103,6,5,TRANSFER,4,2741453.88,4,2741453.88
104,7,5,CASH_OUT,7,3882269.5,7,3882269.5
104,7,5,TRANSFER,7,3882269.5,7,3882269.5
105,8,5,CASH_OUT,9,7743884.649999999,9,7743884.649999999
105,8,5,TRANSFER,9,7743884.649999999,9,7743884.649999999
106,9,5,CASH_OUT,9,6203793.42,9,6203793.42
106,9,5,TRANSFER,9,6203793.42,9,6203793.42
107,10,5,CASH_OUT,5,2531010.3200000003,5,2531010.3200000003
107,10,5,TRANSFER,5,2531010.3200000003,5,2531010.3200000003
108,11,5,CASH_OUT,4,7763016.180000001,4,7763016.180000001
108,11,5,TRANSFER,4,7763016.180000001,4,7763016.180000001
109,12,5,CASH_OUT,6,4194082.9699999997,6,4194082.9699999997
109,12,5,TRANSFER,6,4194082.9699999997,6,4194082.9699999997
110,13,5,CASH_OUT,5,4422757.79,5,4422757.79
110,13,5,TRANSFER,5,4422757.79,5,4422757.79
111,14,5,CASH_OUT,5,5900694.23,5,5900694.23
111,14,5,TRANSFER,5,5900694.23,5,5900694.23
112,15,5,CASH_OUT,1,42418.85,1,42418.85
112,15,5,TRANSFER,1,42418.85,1,42418.85
113,16,5,CASH_OUT,3,1988499.55,3,1988499.55
113,16,5,TRANSFER,3,1988499.55,3,1988499.55
114,17,5,CASH_OUT,2,3874487.19,2,3874487.19
114,17,5,TRANSFER,2,3874487.19,2,3874487.19
115,18,5,CASH_OUT,5,3613110.86,5,3613110.86
115,18,5,TRANSFER,5,3613110.86,5,3613110.86
116,19,5,CASH_OUT,7,8188198.39,7,8188198.39
116,19,5,TRANSFER,7,8188198.39,7,8188198.39
117,20,5,CASH_OUT,6,6677644.46,6,6677644.46
117,20,5,TRANSFER,6,6677644.46,6,6677644.46
118,21,5,CASH_OUT,6,16723160.99,6,16723160.99
118,21,5,TRANSFER,6,16723160.99,6,16723160.99
119,22,5,CASH_IN,667,110812002.31,0,0.0
119,22,5,CASH_OUT,1100,205453417.6,5,3571802.12
119,22,5,DEBIT,94,209096.76,0,0.0
119,22,5,PAYMENT,3378,30658836.84,0,0.0
119,22,5,TRANSFER,501,305336971.24,5,3571802.12
120,23,5,CASH_IN,589,96782932.74,0,0.0
120,23,5,CASH_OUT,466,85275735.53,6,3247832.62
120,23,5,DEBIT,78,686957.98,0,0.0
120,23,5,PAYMENT,1753,15843400.67,0,0.0
120,23,5,TRANSFER,258,178955573.52,6,3247832.62
121,0,6,CASH_IN,188,33304211.01,0,0.0
121,0,6,CASH_OUT,129,25361766.86,7,4923342.66
121,0,6,DEBIT,43,82797.92,0,0.0
121,0,6,PAYMENT,630,8177430.74,0,0.0
121,0,6,TRANSFER,84,44972232.13,7,4923342.66
122,1,6,CASH_IN,145,21552634.79,0,0.0
122,1,6,CASH_OUT,55,15574004.73,7,7501532.87
122,1,6,DEBIT,15,19225.78,0,0.0
122,1,6,PAYMENT,162,999257.74,0,0.0
122,1,6,TRANSFER,37,25222710.7,7,7501532.87
123,2,6,CASH_OUT,26,10845837.65,3,6986177.92
123,2,6,DEBIT,1,1103.83,0,0.0
123,2,6,PAYMENT,16,105910.33,0,0.0
123,2,6,TRANSFER,9,11619488.38,3,6986177.92
124,3,6,CASH_OUT,2,11038690.02,2,11038690.02
124,3,6,TRANSFER,2,11038690.02,2,11038690.02
125,4,6,CASH_OUT,5,9184709.59,5,9184709.59
125,4,6,TRANSFER,5,9184709.59,5,9184709.59
126,5,6,CASH_OUT,3,7427701.62,3,7427701.62
126,5,6,TRANSFER,3,7427701.62,3,7427701.62
127,6,6,CASH_OUT,7,11044602.28,7,11044602.28
127,6,6,TRANSFER,7,11044602.28,7,11044602.28
128,7,6,CASH_OUT,4,7996242.76,4,7996242.76
128,7,6,TRANSFER,4,7996242.76,4,7996242.76
129,8,6,CASH_IN,5276,922288984.66,0,0.0
129,8,6,CASH_OUT,7596,1527775525.25,3,2620900.65
129,8,6,DEBIT,109,347096.39,0,0.0
129,8,6,PAYMENT,7170,101839965.13,0,0.0
129,8,6,TRANSFER,1835,1839140211.13,3,2620900.65
130,9,6,CASH_IN,7678,1403434634.12,0,0.0
130,9,6,CASH_OUT,12354,2558380556.88,3,1717951.76
130,9,6,DEBIT,139,671755.26,0,0.0
130,9,6,PAYMENT,10072,177711682.83,0,0.0
130,9,6,TRANSFER,2647,2558732594.23,3,1717951.76
131,10,6,CASH_IN,8692,1622714798.36,0,0.0
131,10,6,CASH_OUT,13391,2777325467.86,8,25700301.05
131,10,6,DEBIT,201,1860591.15,0,0.0
131,10,6,PAYMENT,11076,161615881.37,0,0.0
131,10,6,TRANSFER,3015,2220246669.35,8,25700301.05
132,11,6,CASH_IN,8183,1537005109.46,0,0.0
132,11,6,CASH_OUT,13622,2826971871.38,5,8575194.86
132,11,6,DEBIT,165,2238725.49,0,0.0
132,11,6,PAYMENT,10977,179934633.36,0,0.0
132,11,6,TRANSFER,2989,2141292944.65,5,8575194.86
133,12,6,CASH_IN,7971,1487657046.74,0,0.0
133,12,6,CASH_OUT,13300,2769687852.2,5,2344710.61
133,12,6,DEBIT,179,500765.51,0,0.0
133,12,6,PAYMENT,10797,196055874.43,0,0.0
133,12,6,TRANSFER,2900,2021291855.33,5,2344710.61
134,13,6,CASH_IN,7627,1378115225.5,0,0.0
134,13,6,CASH_OUT,12155,2453662960.65,5,17978117.6
134,13,6,DEBIT,145,465122.97000000003,0,0.0
134,13,6,PAYMENT,9740,183183381.48,0,0.0
134,13,6,TRANSFER,2724,1596204298.04,5,17978117.6
135,14,6,CASH_IN,6265,1177825989.63,0,0.0
135,14,6,CASH_OUT,9983,2015667541.55,4,712637.0
135,14,6,DEBIT,169,905507.97,0,0.0
135,14,6,PAYMENT,8663,126101947.93,0,0.0
135,14,6,TRANSFER,2476,1505110461.44,4,712637.0
136,15,6,CASH_IN,7100,1319420814.44,0,0.0
136,15,6,CASH_OUT,11353,2231683630.72,5,12579470.09
136,15,6,DEBIT,167,630057.68,0,0.0
136,15,6,PAYMENT,9201,120135787.96,0,0.0
136,15,6,TRANSFER,2519,1730551711.23,5,12579470.09
137,16,6,CASH_IN,7132,1236297246.08,0,0.0
137,16,6,CASH_OUT,12770,2280316782.61,6,7990052.63
137,16,6,DEBIT,138,649643.26,0,0.0
137,16,6,PAYMENT,9749,154625987.77,0,0.0
137,16,6,TRANSFER,2770,1451845333.24,6,7990052.63
138,17,6,CASH_IN,7391,1158915051.55,0,0.0
138,17,6,CASH_OUT,11726,1923864054.52,2,538155.85
138,17,6,DEBIT,144,441808.44,0,0.0
138,17,6,PAYMENT,9684,148564624.51,0,0.0
138,17,6,TRANSFER,2477,1198419156.75,2,538155.85
139,18,6,CASH_IN,10470,1675979956.03,0,0.0
139,18,6,CASH_OUT,17980,2837199060.73,2,386795.83999999997
139,18,6,DEBIT,232,1041060.46,0,0.0
139,18,6,PAYMENT,13793,173847778.73,0,0.0
139,18,6,TRANSFER,3579,2119765112.05,2,386795.83999999997
140,19,6,CASH_IN,8036,1209317900.79,0,0.0
140,19,6,CASH_OUT,13427,2030617587.87,7,8539808.049999999
140,19,6,DEBIT,233,614147.78,0,0.0
140,19,6,PAYMENT,12478,116359927.99,0,0.0
140,19,6,TRANSFER,2838,1583403929.15,7,8539808.049999999
141,20,6,CASH_IN,3698,552317584.06,0,0.0
141,20,6,CASH_OUT,4840,769895653.99,4,2766169.95
141,20,6,DEBIT,162,491190.4,0,0.0
141,20,6,PAYMENT,6438,58904798.77,0,0.0
141,20,6,TRANSFER,1296,702759754.56,4,2766169.95
142,21,6,CASH_IN,2305,352211954.31,0,0.0
142,21,6,CASH_OUT,2897,487515966.11,4,6666326.85
142,21,6,DEBIT,178,582399.25,0,0.0
142,21,6,PAYMENT,5727,59580753.74,0,0.0
142,21,6,TRANSFER,1082,646821026.74,4,6666326.85
143,22,6,CASH_IN,1342,214319862.09,0,0.0
143,22,6,CASH_OUT,1371,262554253.97,8,14891705.24
143,22,6,DEBIT,148,514543.55,0,0.0
143,22,6,PAYMENT,4037,32703015.53,0,0.0
143,22,6,TRANSFER,711,421669035.53000003,8,14891705.24
144,23,6,CASH_IN,473,77165607.14,0,0.0
144,23,6,CASH_OUT,600,110960606.7,5,3505493.45
144,23,6,DEBIT,95,327484.78,0,0.0
144,23,6,PAYMENT,2050,21026335.46,0,0.0
144,23,6,TRANSFER,305,167968354.51,5,3505493.45
145,0,7,CASH_IN,224,35377857.16,0,0.0
145,0,7,CASH_OUT,123,28317121.79,7,7140772.08
145,0,7,DEBIT,56,238091.61000000002,0,0.0
145,0,7,PAYMENT,631,4754973.52,0,0.0
145,0,7,TRANSFER,83,44361782.9,7,7140772.08
146,1,7,CASH_IN,151,24693733.18,0,0.0
146,1,7,CASH_OUT,63,17877538.650000002,5,8541673.99
146,1,7,DEBIT,29,122232.22,0,0.0
146,1,7,PAYMENT,242,1943657.89,0,0.0
146,1,7,TRANSFER,37,21678968.09,5,8541673.99
147,2,7,CASH_OUT,12,3786772.35,3,2149461.43
147,2,7,DEBIT,5,11904.76,0,0.0
147,2,7,PAYMENT,39,325071.45,0,0.0
147,2,7,TRANSFER,28,16190378.81,3,2149461.43
148,3,7,CASH_OUT,6,5401385.01,6,5401385.01
148,3,7,TRANSFER,6,5401385.01,6,5401385.01
149,4,7,CASH_OUT,11,21006775.53,11,21006775.53
149,4,7,TRANSFER,11,21006775.53,11,21006775.53
150,5,7,CASH_OUT,7,7007292.22,7,7007292.22
150,5,7,TRANSFER,7,7007292.22,7,7007292.22
151,6,7,CASH_OUT,9,5101797.68,9,5101797.68
151,6,7,TRANSFER,9,5101797.68,9,5101797.68
152,7,7,CASH_OUT,3,2667510.12,3,2667510.12
152,7,7,TRANSFER,3,2667510.12,3,2667510.12
153,8,7,CASH_IN,4303,723874794.36,0,0.0
153,8,7,CASH_OUT,6563,1272542233.85,5,1899169.6
153,8,7,DEBIT,105,472868.57,0,0.0
153,8,7,PAYMENT,6704,76739357.16,0,0.0
153,8,7,TRANSFER,1800,1611232053.14,5,1899169.6
154,9,7,CASH_IN,6825,1186542840.84,0,0.0
154,9,7,CASH_OUT,10548,2089011923.0,5,5594624.71
154,9,7,DEBIT,222,930306.02,0,0.0
154,9,7,PAYMENT,9210,116172192.14,0,0.0
154,9,7,TRANSFER,2436,1982773651.09,5,5594624.71
155,10,7,CASH_IN,6796,1237424711.08,0,0.0
155,10,7,CASH_OUT,10950,2270550218.45,4,3696879.33
155,10,7,DEBIT,195,761465.95,0,0.0
155,10,7,PAYMENT,9414,125922169.13,0,0.0
155,10,7,TRANSFER,2572,1971403406.55,4,3696879.33
156,11,7,CASH_IN,6403,1167286598.56,0,0.0
156,11,7,CASH_OUT,9854,2031564170.77,9,3733463.99
156,11,7,DEBIT,206,965062.34,0,0.0
156,11,7,PAYMENT,8800,115059218.03,0,0.0
156,11,7,TRANSFER,2340,1645539670.53,9,3733463.99
157,12,7,CASH_IN,6851,1247831201.86,0,0.0
157,12,7,CASH_OUT,11109,2217192563.01,8,12860968.25
157,12,7,DEBIT,189,1341573.91,0,0.0
157,12,7,PAYMENT,9065,107824582.8,0,0.0
157,12,7,TRANSFER,2550,1476124445.84,8,12860968.25
158,13,7,CASH_IN,6120,1113014067.11,0,0.0
158,13,7,CASH_OUT,10517,1995123339.25,4,5774897.74
158,13,7,DEBIT,110,379486.84,0,0.0
158,13,7,PAYMENT,8623,100778654.76,0,0.0
158,13,7,TRANSFER,2469,1580438519.92,4,5774897.74
159,14,7,CASH_IN,6292,1091864290.98,0,0.0
159,14,7,CASH_OUT,10074,1896238978.91,5,1436965.47
159,14,7,DEBIT,105,507754.29,0,0.0
159,14,7,PAYMENT,8641,106019151.4,0,0.0
159,14,7,TRANSFER,2449,1479351777.06,5,1436965.47
160,15,7,CASH_IN,6121,1094176296.52,0,0.0
160,15,7,CASH_OUT,10447,1991413571.83,13,44436221.42
160,15,7,DEBIT,124,611739.63,0,0.0
160,15,7,PAYMENT,8653,116802546.38,0,0.0
160,15,7,TRANSFER,2420,1454386784.57,13,44436221.42
161,16,7,CASH_IN,7561,1306701851.06,0,0.0
161,16,7,CASH_OUT,12833,2370571298.83,7,22434914.53
161,16,7,DEBIT,187,2271034.84,0,0.0
161,16,7,PAYMENT,9901,130869550.41,0,0.0
161,16,7,TRANSFER,2567,1577493409.85,7,22434914.53
162,17,7,CASH_IN,8757,1465689844.04,0,0.0
162,17,7,CASH_OUT,15957,2747966574.16,5,17519344.05
162,17,7,DEBIT,161,835492.15,0,0.0
162,17,7,PAYMENT,12505,157587324.61,0,0.0
162,17,7,TRANSFER,3242,1827063850.41,5,17519344.05
163,18,7,CASH_IN,10850,1710334597.96,0,0.0
163,18,7,CASH_OUT,17913,2811202539.11,4,2212825.39
163,18,7,DEBIT,187,1926412.89,0,0.0
163,18,7,PAYMENT,13822,147517421.17,0,0.0
163,18,7,TRANSFER,3580,2039378168.1,4,2212825.39
164,19,7,CASH_IN,8516,1223009722.98,0,0.0
164,19,7,CASH_OUT,14269,2076856071.98,7,4909819.69
164,19,7,DEBIT,241,710400.32,0,0.0
164,19,7,PAYMENT,13167,144070437.87,0,0.0
164,19,7,TRANSFER,2909,1536704568.47,7,4909819.69
165,20,7,CASH_IN,3629,538766748.81,0,0.0
165,20,7,CASH_OUT,4964,760100102.29,2,2667245.2800000003
165,20,7,DEBIT,138,576535.94,0,0.0
165,20,7,PAYMENT,6549,67023608.82,0,0.0
165,20,7,TRANSFER,1262,687017816.47,2,2667245.2800000003
166,21,7,CASH_IN,2367,361132599.4,0,0.0
166,21,7,CASH_OUT,2890,486513796.51,3,2058329.62
166,21,7,DEBIT,128,595520.94,0,0.0
166,21,7,PAYMENT,5843,52333991.82,0,0.0
166,21,7,TRANSFER,948,482112818.79,3,2058329.62
167,22,7,CASH_IN,1394,211353038.54,0,0.0
167,22,7,CASH_OUT,1536,270640097.61,3,3129145.8099999996
167,22,7,DEBIT,85,465091.36,0,0.0
167,22,7,PAYMENT,4262,33867515.71,0,0.0
167,22,7,TRANSFER,669,416725958.86,3,3129145.8099999996
168,23,7,CASH_IN,575,100055364.35,0,0.0
168,23,7,CASH_OUT,680,143317017.54,1,7513581.46
168,23,7,DEBIT,66,213418.18,0,0.0
168,23,7,PAYMENT,2179,16031456.2,0,0.0
168,23,7,TRANSFER,324,182934671.49,1,7513581.46
169,0,8,CASH_IN,208,36285255.03,0,0.0
169,0,8,CASH_OUT,205,40939115.79,5,2774242.41
169,0,8,DEBIT,69,130749.14,0,0.0
169,0,8,PAYMENT,872,7978800.3,0,0.0
169,0,8,TRANSFER,110,50735345.07,5,2774242.41
170,1,8,CASH_IN,117,19357284.06,0,0.0
170,1,8,CASH_OUT,63,29636357.99,8,18603726.91
170,1,8,DEBIT,42,60950.61,0,0.0
170,1,8,PAYMENT,272,2105736.13,0,0.0
170,1,8,TRANSFER,35,31100379.5,8,18603726.91
171,2,8,CASH_OUT,7,15417260.620000001,7,15417260.620000001
171,2,8,TRANSFER,7,15417260.620000001,7,15417260.620000001
172,3,8,CASH_OUT,5,3656420.04,5,3656420.04
172,3,8,TRANSFER,5,3656420.04,5,3656420.04
173,4,8,CASH_OUT,7,13663938.17,7,13663938.17
173,4,8,TRANSFER,7,13663938.17,7,13663938.17
174,5,8,CASH_OUT,5,3080625.9,5,3080625.9
174,5,8,TRANSFER,5,3080625.9,5,3080625.9
175,6,8,CASH_OUT,4,1350000.4500000002,4,1350000.4500000002
175,6,8,TRANSFER,4,1350000.4500000002,4,1350000.4500000002
176,7,8,CASH_OUT,5,1681403.63,5,1681403.63
176,7,8,TRANSFER,5,1681403.63,5,1681403.63
177,8,8,CASH_IN,4048,668167100.66,0,0.0
177,8,8,CASH_OUT,5572,1064914929.77,9,3331972.65
177,8,8,DEBIT,138,575849.34,0,0.0
177,8,8,PAYMENT,6007,60469902.54,0,0.0
177,8,8,TRANSFER,1571,1253329700.34,9,3331972.65
178,9,8,CASH_IN,6760,1170793995.87,0,0.0
178,9,8,CASH_OUT,9739,1970084239.68,7,9249449.73
178,9,8,DEBIT,181,908911.78,0,0.0
178,9,8,PAYMENT,9136,107675958.04,0,0.0
178,9,8,TRANSFER,2388,2612491292.89,7,9249449.73
179,10,8,CASH_IN,6977,1214045276.05,0,0.0
179,10,8,CASH_OUT,11101,2134916253.65,4,2356489.5
179,10,8,DEBIT,169,476396.51,0,0.0
179,10,8,PAYMENT,9653,110559458.96,0,0.0
179,10,8,TRANSFER,2634,1655946105.76,4,2356489.5
180,11,8,CASH_IN,6977,1244107381.41,0,0.0
180,11,8,CASH_OUT,11771,2283211215.5,5,18219556.1
180,11,8,DEBIT,200,490647.36,0,0.0
180,11,8,PAYMENT,9910,132542341.31,0,0.0
180,11,8,TRANSFER,2623,1979456895.73,5,18219556.1
181,12,8,CASH_IN,7129,1230566605.21,0,0.0
181,12,8,CASH_OUT,11860,2251977966.35,6,3607752.2
181,12,8,DEBIT,191,779488.13,0,0.0
181,12,8,PAYMENT,9887,156524767.17,0,0.0
181,12,8,TRANSFER,2682,2041471142.81,5,3275022.66
182,13,8,CASH_IN,6967,1248313378.71,0,0.0
182,13,8,CASH_OUT,11709,2181076529.6,4,2715120.86
182,13,8,DEBIT,178,802683.46,0,0.0
182,13,8,PAYMENT,10211,121377115.5,0,0.0
182,13,8,TRANSFER,2835,1681899407.22,4,2715120.86
183,14,8,CASH_IN,6896,1211934782.81,0,0.0
183,14,8,CASH_OUT,11569,2080833336.52,8,9489233.55
183,14,8,DEBIT,185,865043.5599999999,0,0.0
183,14,8,PAYMENT,9996,119444587.58,0,0.0
183,14,8,TRANSFER,2553,1279365575.74,8,9489233.55
184,15,8,CASH_IN,7430,1286987486.53,0,0.0
184,15,8,CASH_OUT,11657,2071544508.18,4,320639.13
184,15,8,DEBIT,201,3307330.52,0,0.0
184,15,8,PAYMENT,10049,130879875.36,0,0.0
184,15,8,TRANSFER,2838,1569255681.41,4,320639.13
185,16,8,CASH_IN,8578,1494911450.14,0,0.0
185,16,8,CASH_OUT,13997,2481847397.21,8,2797762.93
185,16,8,DEBIT,208,3355222.2,0,0.0
185,16,8,PAYMENT,11593,157911083.24,0,0.0
185,16,8,TRANSFER,2947,2015869312.5,8,2797762.93
186,17,8,CASH_IN,9830,1630383186.85,0,0.0
186,17,8,CASH_OUT,17101,2818413099.47,9,18717997.39
186,17,8,DEBIT,204,492761.48,0,0.0
186,17,8,PAYMENT,13060,161683230.91,0,0.0
186,17,8,TRANSFER,3552,1920330642.3,8,18488087.82
187,18,8,CASH_IN,11120,1731484376.31,0,0.0
187,18,8,CASH_OUT,18646,2858251494.68,5,11878371.17
187,18,8,DEBIT,241,739768.18,0,0.0
187,18,8,PAYMENT,15176,116304169.09,0,0.0
187,18,8,TRANSFER,3900,2684479441.3,5,11878371.17
188,19,8,CASH_IN,8582,1270005281.24,0,0.0
188,19,8,CASH_OUT,13770,1997252946.22,5,10389388.43
188,19,8,DEBIT,209,598089.88,0,0.0
188,19,8,PAYMENT,13417,97417305.81,0,0.0
188,19,8,TRANSFER,3101,1310049201.3,5,10389388.43
189,20,8,CASH_IN,3531,525739667.36,0,0.0
189,20,8,CASH_OUT,5319,791894827.8,5,5069387.0
189,20,8,DEBIT,131,351450.79,0,0.0
189,20,8,PAYMENT,7128,52043079.87,0,0.0
189,20,8,TRANSFER,1565,631778236.85,5,5069387.0
190,21,8,CASH_IN,2442,350253481.41,0,0.0
190,21,8,CASH_OUT,2974,458010072.26,4,11056287.28
190,21,8,DEBIT,118,336149.34,0,0.0
190,21,8,PAYMENT,6028,47304673.78,0,0.0
190,21,8,TRANSFER,1107,494491450.43,4,11056287.28
191,22,8,CASH_IN,1600,236784804.43,0,0.0
191,22,8,CASH_OUT,1600,269933515.38,6,2696497.63
191,22,8,DEBIT,139,425083.64,0,0.0
191,22,8,PAYMENT,5003,33504935.44,0,0.0
191,22,8,TRANSFER,769,346187450.49,6,2696497.63
192,23,8,CASH_IN,732,113018883.25,0,0.0
192,23,8,CASH_OUT,682,109508255.5,5,4154804.38
192,23,8,DEBIT,91,270857.7,0,0.0
192,23,8,PAYMENT,2378,15618193.29,0,0.0
192,23,8,TRANSFER,431,170963554.4,5,4154804.38
193,0,9,CASH_IN,264,39527835.98,0,0.0
193,0,9,CASH_OUT,194,32166112.52,4,1143739.47
193,0,9,DEBIT,64,381480.18,0,0.0
193,0,9,PAYMENT,901,27128037.23,0,0.0
193,0,9,TRANSFER,88,37392425.19,4,1143739.47
194,1,9,CASH_IN,168,24573166.69,0,0.0
194,1,9,CASH_OUT,83,18655664.2,6,6480885.01
194,1,9,DEBIT,35,98662.26,0,0.0
194,1,9,PAYMENT,352,2082013.27,0,0.0
194,1,9,TRANSFER,33,13032754.709999999,6,6480885.01
195,2,9,CASH_IN,28,4692380.3,0,0.0
195,2,9,CASH_OUT,35,7958483.72,5,3426017.61
195,2,9,DEBIT,5,14365.359999999999,0,0.0
195,2,9,PAYMENT,58,419847.13,0,0.0
195,2,9,TRANSFER,15,7487699.46,5,3426017.61
196,3,9,CASH_OUT,4,2499482.9699999997,4,2499482.9699999997
196,3,9,TRANSFER,4,2499482.9699999997,4,2499482.9699999997
197,4,9,CASH_OUT,2,2447486.75,2,2447486.75
197,4,9,TRANSFER,2,2447486.75,2,2447486.75
198,5,9,CASH_OUT,6,19776602.419999998,6,19776602.419999998
198,5,9,TRANSFER,6,19776602.419999998,6,19776602.419999998
199,6,9,CASH_OUT,5,5075902.22,5,5075902.22
199,6,9,TRANSFER,5,5075902.22,5,5075902.22
200,7,9,CASH_OUT,4,13089572.8,4,13089572.8
200,7,9,TRANSFER,4,13089572.8,4,13089572.8
201,8,9,CASH_IN,3725,596549841.96,0,0.0
201,8,9,CASH_OUT,5693,975779548.46,4,3720821.04
201,8,9,DEBIT,61,298707.11,0,0.0
201,8,9,PAYMENT,6868,49948686.92,0,0.0
201,8,9,TRANSFER,1616,822124860.76,4,3720821.04
202,9,9,CASH_IN,7423,1222215901.43,0,0.0
202,9,9,CASH_OUT,11410,1967390008.71,1,2263927.04
202,9,9,DEBIT,94,283758.93,0,0.0
202,9,9,PAYMENT,10391,90112661.68,0,0.0
202,9,9,TRANSFER,2631,1324336756.53,1,2263927.04
203,10,9,CASH_IN,8142,1339659953.73,0,0.0
203,10,9,CASH_OUT,13315,2353357825.21,4,8073360.66
203,10,9,DEBIT,138,656713.76,0,0.0
203,10,9,PAYMENT,11627,116924739.7,0,0.0
203,10,9,TRANSFER,2954,1466577646.63,4,8073360.66
204,11,9,CASH_IN,8319,1337017443.0,0,0.0
204,11,9,CASH_OUT,13764,2323224184.87,3,2305391.01
204,11,9,DEBIT,162,610689.6,0,0.0
204,11,9,PAYMENT,11621,110382120.29,0,0.0
204,11,9,TRANSFER,2990,1513534535.32,3,2305391.01
205,12,9,CASH_IN,7411,1195533280.68,0,0.0
205,12,9,CASH_OUT,12564,2108752006.57,8,2763621.92
205,12,9,DEBIT,153,525110.38,0,0.0
205,12,9,PAYMENT,10572,107906195.58,0,0.0
205,12,9,TRANSFER,2849,1952616671.27,8,2763621.92
206,13,9,CASH_IN,6372,1059933213.13,0,0.0
206,13,9,CASH_OUT,10936,1811579625.43,6,8295940.9399999995
206,13,9,DEBIT,133,473817.44,0,0.0
206,13,9,PAYMENT,9765,99009565.21,0,0.0
206,13,9,TRANSFER,2571,1235652313.78,6,8295940.9399999995
207,14,9,CASH_IN,6260,1033567238.65,0,0.0
207,14,9,CASH_OUT,10293,1702650468.98,3,1048601.0999999999
207,14,9,DEBIT,136,551009.73,0,0.0
207,14,9,PAYMENT,9153,98201756.74,0,0.0
207,14,9,TRANSFER,2446,1243747916.63,3,1048601.0999999999
208,15,9,CASH_IN,6181,1021815798.51,0,0.0
208,15,9,CASH_OUT,10470,1753454217.2,11,11767808.23
208,15,9,DEBIT,148,492324.7,0,0.0
208,15,9,PAYMENT,9789,94745271.78,0,0.0
208,15,9,TRANSFER,2470,1210747742.26,10,11476288.39
209,16,9,CASH_IN,6402,1031321554.28,0,0.0
209,16,9,CASH_OUT,11345,1833472335.88,3,8890208.049999999
209,16,9,DEBIT,177,580926.58,0,0.0
209,16,9,PAYMENT,9945,91714364.5,0,0.0
209,16,9,TRANSFER,2503,1184614283.88,3,8890208.049999999
210,17,9,CASH_IN,6874,1086204856.1,0,0.0
210,17,9,CASH_OUT,12668,1893184894.96,4,3433886.76
210,17,9,DEBIT,116,332187.32,0,0.0
210,17,9,PAYMENT,10895,103717963.97,0,0.0
210,17,9,TRANSFER,2451,1285694658.56,4,3433886.76
211,18,9,CASH_IN,7972,1210249807.77,0,0.0
211,18,9,CASH_OUT,14288,2015328260.7,7,8761270.74
211,18,9,DEBIT,152,558112.6900000001,0,0.0
211,18,9,PAYMENT,11734,109112430.84,0,0.0
211,18,9,TRANSFER,2743,1427855894.09,7,8761270.74
212,19,9,CASH_IN,6886,992760783.78,0,0.0
212,19,9,CASH_OUT,12124,1717737114.38,20,49690806.16
212,19,9,DEBIT,184,584196.47,0,0.0
212,19,9,PAYMENT,12304,117165034.6,0,0.0
212,19,9,TRANSFER,2549,1557888295.09,20,54644699.24
213,20,9,CASH_IN,2980,439744734.67,0,0.0
213,20,9,CASH_OUT,4005,592661110.33,4,4797989.8
213,20,9,DEBIT,106,282499.86,0,0.0
213,20,9,PAYMENT,6528,81816952.63,0,0.0
213,20,9,TRANSFER,1156,761519477.35,4,4797989.8
214,21,9,CASH_IN,2028,308560364.0,0,0.0
214,21,9,CASH_OUT,2244,363803630.03,6,6698551.29
214,21,9,DEBIT,83,503428.45,0,0.0
214,21,9,PAYMENT,5471,64825358.56,0,0.0
214,21,9,TRANSFER,920,594221408.96,6,6698551.29
215,22,9,CASH_IN,1352,216864528.39,0,0.0
215,22,9,CASH_OUT,1479,258067517.6,5,11737252.18
215,22,9,DEBIT,94,198087.36000000002,0,0.0
215,22,9,PAYMENT,4428,49578013.56,0,0.0
215,22,9,TRANSFER,622,516104010.0,5,11737252.18
216,23,9,CASH_IN,574,94592795.54,0,0.0
216,23,9,CASH_OUT,723,125495137.23,3,1765314.59
216,23,9,DEBIT,87,184212.61,0,0.0
216,23,9,PAYMENT,2379,23268350.96,0,0.0
216,23,9,TRANSFER,367,271064672.12,3,1765314.59
217,0,10,CASH_IN,519,83574395.45,0,0.0
217,0,10,CASH_OUT,648,124231370.36,8,6311556.13
217,0,10,DEBIT,106,271328.93,0,0.0
217,0,10,PAYMENT,1811,16453435.8,0,0.0
217,0,10,TRANSFER,263,188187845.32,8,6311556.13
218,1,10,CASH_OUT,6,11118941.99,6,11118941.99
218,1,10,TRANSFER,6,11118941.99,6,11118941.99
219,2,10,CASH_OUT,5,4281422.17,5,4281422.17
219,2,10,TRANSFER,5,4281422.17,5,4281422.17
220,3,10,CASH_OUT,3,4843548.54,3,4843548.54
220,3,10,TRANSFER,3,4843548.54,3,4843548.54
221,4,10,CASH_OUT,5,2643093.07,5,2643093.07
221,4,10,TRANSFER,5,2643093.07,5,2643093.07
222,5,10,CASH_OUT,4,2974650.12,4,2974650.12
222,5,10,TRANSFER,4,2974650.12,4,2974650.12
223,6,10,CASH_OUT,4,3293724.2399999998,4,3293724.2399999998
223,6,10,TRANSFER,4,3293724.2399999998,4,3293724.2399999998
224,7,10,CASH_OUT,5,10117496.29,5,10117496.29
224,7,10,TRANSFER,5,10117496.29,5,10117496.29
225,8,10,CASH_IN,4081,677332739.9,0,0.0
225,8,10,CASH_OUT,6359,1196035435.54,6,2266770.88
225,8,10,DEBIT,61,185042.94,0,0.0
225,8,10,PAYMENT,6254,141421794.45,0,0.0
225,8,10,TRANSFER,1611,1570733416.28,6,2266770.88
226,9,10,CASH_IN,6252,1151875050.97,0,0.0
226,9,10,CASH_OUT,9643,1944904848.79,6,11505216.48
226,9,10,DEBIT,112,422610.38,0,0.0
226,9,10,PAYMENT,9138,201430230.63,0,0.0
226,9,10,TRANSFER,2377,2827008432.28,6,11505216.48
227,10,10,CASH_IN,6976,1251403346.47,0,0.0
227,10,10,CASH_OUT,11235,2218778028.44,7,8527779.61
227,10,10,DEBIT,94,418399.67,0,0.0
227,10,10,PAYMENT,9911,223794199.53,0,0.0
227,10,10,TRANSFER,2655,2309904488.73,7,8527779.61
228,11,10,CASH_IN,7110,1281054094.11,0,0.0
228,11,10,CASH_OUT,11453,2345185927.29,8,19965290.04
228,11,10,DEBIT,138,520483.63,0,0.0
228,11,10,PAYMENT,9668,195952562.69,0,0.0
228,11,10,TRANSFER,2596,2090196448.38,8,19965290.04
229,12,10,CASH_IN,6249,1176329743.26,0,0.0
229,12,10,CASH_OUT,10463,1999673088.49,4,998997.71
229,12,10,DEBIT,185,801097.2,0,0.0
229,12,10,PAYMENT,8885,142974613.96,0,0.0
229,12,10,TRANSFER,2522,1722568231.56,4,998997.71
230,13,10,CASH_IN,5997,1053779484.99,0,0.0
230,13,10,CASH_OUT,9195,1765678379.92,9,19345280.27
230,13,10,DEBIT,145,587738.96,0,0.0
230,13,10,PAYMENT,8613,108724155.24,0,0.0
230,13,10,TRANSFER,2084,1502922285.73,8,19304669.05
231,14,10,CASH_IN,6228,1123080930.03,0,0.0
231,14,10,CASH_OUT,9625,1863712046.96,9,9135366.82
231,14,10,DEBIT,156,789941.27,0,0.0
231,14,10,PAYMENT,8660,107312169.65,0,0.0
231,14,10,TRANSFER,2299,1556378999.68,8,9040994.209999999
232,15,10,CASH_IN,6090,1095641567.26,0,0.0
232,15,10,CASH_OUT,10248,2015905562.85,5,5078380.99
232,15,10,DEBIT,161,711505.43,0,0.0
232,15,10,PAYMENT,8571,112797558.96,0,0.0
232,15,10,TRANSFER,2412,1611572065.57,5,5078380.99
233,16,10,CASH_IN,3383,602529795.86,0,0.0
233,16,10,CASH_OUT,5196,931427238.11,6,1554813.61
233,16,10,DEBIT,100,373009.13,0,0.0
233,16,10,PAYMENT,4718,70543610.44,0,0.0
233,16,10,TRANSFER,1306,796935662.74,6,1554813.61
234,17,10,CASH_IN,7264,1243672865.16,0,0.0
234,17,10,CASH_OUT,13538,2333483470.27,7,1823697.76
234,17,10,DEBIT,225,1294307.76,0,0.0
234,17,10,PAYMENT,10299,151968408.06,0,0.0
234,17,10,TRANSFER,2727,1642788134.49,7,1823697.76
235,18,10,CASH_IN,10627,1713330097.78,0,0.0
235,18,10,CASH_OUT,18494,2805593786.56,5,5007066.1899999995
235,18,10,DEBIT,259,1904866.6,0,0.0
235,18,10,PAYMENT,14405,154404552.94,0,0.0
235,18,10,TRANSFER,3706,2622911775.04,5,5007066.1899999995
236,19,10,CASH_IN,7576,1121115741.85,0,0.0
236,19,10,CASH_OUT,13596,1983598590.53,5,6651595.4399999995
236,19,10,DEBIT,221,1108882.89,0,0.0
236,19,10,PAYMENT,12942,130572991.08,0,0.0
236,19,10,TRANSFER,2774,1327610442.37,5,6651595.4399999995
237,20,10,CASH_IN,3422,501454469.69,0,0.0
237,20,10,CASH_OUT,4475,679888638.07,6,25855060.06
237,20,10,DEBIT,114,597232.55,0,0.0
237,20,10,PAYMENT,6695,56641632.94,0,0.0
237,20,10,TRANSFER,1297,629665732.55,6,25855060.06
238,21,10,CASH_IN,1994,297635240.01,0,0.0
238,21,10,CASH_OUT,2542,389130630.65,7,15954175.389999999
238,21,10,DEBIT,140,459432.97000000003,0,0.0
238,21,10,PAYMENT,5318,46600770.98,0,0.0
238,21,10,TRANSFER,926,477888649.86,7,15954175.389999999
239,22,10,CASH_IN,1400,218911091.24,0,0.0
239,22,10,CASH_OUT,1636,278087435.3,5,1544596.8
239,22,10,DEBIT,105,536810.65,0,0.0
239,22,10,PAYMENT,4683,38880326.76,0,0.0
239,22,10,TRANSFER,730,395069500.97,5,1544596.8
240,23,10,CASH_IN,639,99328219.27,0,0.0
240,23,10,CASH_OUT,735,124943623.93,7,5799320.5
240,23,10,DEBIT,91,262920.31,0,0.0
240,23,10,PAYMENT,2324,21225767.13,0,0.0
240,23,10,TRANSFER,400,214212944.76,7,5799320.5
241,0,11,CASH_IN,290,46192430.7,0,0.0
241,0,11,CASH_OUT,287,49841472.93,9,5084822.06
241,0,11,DEBIT,81,161641.63,0,0.0
241,0,11,PAYMENT,1037,6612955.97,0,0.0
241,0,11,TRANSFER,170,77572199.24,9,5084822.06
242,1,11,CASH_IN,138,22845700.15,0,0.0
242,1,11,CASH_OUT,79,18851316.14,4,7287610.84
242,1,11,DEBIT,5,13769.58,0,0.0
242,1,11,PAYMENT,382,2729404.03,0,0.0
242,1,11,TRANSFER,33,21490529.62,4,7287610.84
243,2,11,CASH_OUT,4,8123938.0600000005,4,8123938.0600000005
243,2,11,TRANSFER,4,8123938.0600000005,4,8123938.0600000005
244,3,11,CASH_OUT,6,13649662.54,6,13649662.54
244,3,11,TRANSFER,6,13649662.54,6,13649662.54
245,4,11,CASH_OUT,2,812345.8899999999,2,812345.8899999999
245,4,11,TRANSFER,2,812345.8899999999,2,812345.8899999999
246,5,11,CASH_OUT,2,846068.79,2,846068.79
246,5,11,TRANSFER,2,846068.79,2,846068.79
247,6,11,CASH_OUT,4,3237779.02,4,3237779.02
247,6,11,TRANSFER,4,3237779.02,4,3237779.02
248,7,11,CASH_OUT,5,14121887.35,5,14121887.35
248,7,11,TRANSFER,5,14121887.35,5,14121887.35
249,8,11,CASH_IN,5610,911844745.44,0,0.0
249,8,11,CASH_OUT,7562,1350026530.98,14,23510120.52
249,8,11,DEBIT,95,726716.03,0,0.0
249,8,11,PAYMENT,7894,112619264.36,0,0.0
249,8,11,TRANSFER,2048,1417583665.97,14,23510120.52
250,9,11,CASH_IN,7271,1320554041.49,0,0.0
250,9,11,CASH_OUT,11700,2250300195.58,11,33263516.94
250,9,11,DEBIT,140,2053672.28,0,0.0
250,9,11,PAYMENT,10226,190488198.54,0,0.0
250,9,11,TRANSFER,2517,2562864792.4,11,34606519.02
251,10,11,CASH_IN,7888,1425000703.99,0,0.0
251,10,11,CASH_OUT,12788,2395893318.34,5,12006710.629999999
251,10,11,DEBIT,120,894627.58,0,0.0
251,10,11,PAYMENT,11689,226757352.7,0,0.0
251,10,11,TRANSFER,2784,1722769718.62,5,12006710.629999999
252,11,11,CASH_IN,8040,1410080393.4,0,0.0
252,11,11,CASH_OUT,13062,2399282233.15,1,76200.04
252,11,11,DEBIT,137,2027215.15,0,0.0
252,11,11,PAYMENT,11440,210413374.84,0,0.0
252,11,11,TRANSFER,2911,1833114873.02,1,76200.04
253,12,11,CASH_IN,7533,1315849085.03,0,0.0
253,12,11,CASH_OUT,12328,2261692260.53,5,3601042.9000000004
253,12,11,DEBIT,152,9438142.3,0,0.0
253,12,11,PAYMENT,10461,171524854.48,0,0.0
253,12,11,TRANSFER,2837,2183723382.04,5,3601042.9000000004
254,13,11,CASH_IN,6361,1087839046.2,0,0.0
254,13,11,CASH_OUT,10735,1860846192.34,5,2697375.74
254,13,11,DEBIT,135,528019.74,0,0.0
254,13,11,PAYMENT,9708,101457511.55,0,0.0
254,13,11,TRANSFER,2614,1470967051.43,5,2697375.74
255,14,11,CASH_IN,6395,1097661345.31,0,0.0
255,14,11,CASH_OUT,10350,1758042881.17,4,1090057.34
255,14,11,DEBIT,137,584620.96,0,0.0
255,14,11,PAYMENT,9540,87020995.88,0,0.0
255,14,11,TRANSFER,2418,1031491136.63,4,1090057.34
256,15,11,CASH_IN,6056,1023364378.46,0,0.0
256,15,11,CASH_OUT,10386,1725468872.41,4,10177061.72
256,15,11,DEBIT,146,1463742.39,0,0.0
256,15,11,PAYMENT,9529,91669352.12,0,0.0
256,15,11,TRANSFER,2453,1076842988.47,4,10177061.72
257,16,11,CASH_IN,5905,947896295.11,0,0.0
257,16,11,CASH_OUT,10178,1595281696.69,3,6703896.9
257,16,11,DEBIT,127,357672.2,0,0.0
257,16,11,PAYMENT,8519,82252934.24,0,0.0
257,16,11,TRANSFER,2114,979337213.05,3,6703896.9
258,17,11,CASH_IN,5998,942661427.29,0,0.0
258,17,11,CASH_OUT,10613,1650436794.33,4,3579737.7600000002
258,17,11,DEBIT,133,443896.26,0,0.0
258,17,11,PAYMENT,8740,77501199.48,0,0.0
258,17,11,TRANSFER,2178,912737019.24,4,3579737.7600000002
259,18,11,CASH_IN,9537,1378402686.62,0,0.0
259,18,11,CASH_OUT,16896,2274588293.81,5,11052770.280000001
259,18,11,DEBIT,216,716181.49,0,0.0
259,18,11,PAYMENT,13390,97852713.07,0,0.0
259,18,11,TRANSFER,3289,1325337679.78,5,11052770.280000001
260,19,11,CASH_IN,6847,984614950.09,0,0.0
260,19,11,CASH_OUT,12055,1633913906.02,6,19712187.78
260,19,11,DEBIT,119,556836.69,0,0.0
260,19,11,PAYMENT,12136,85046615.13,0,0.0
260,19,11,TRANSFER,2517,1083317423.86,6,19712187.78
261,20,11,CASH_IN,3033,422884470.97,0,0.0
261,20,11,CASH_OUT,4174,579071756.57,10,13502879.03
261,20,11,DEBIT,50,458651.98,0,0.0
261,20,11,PAYMENT,5905,42339316.62,0,0.0
261,20,11,TRANSFER,1258,524267963.07,10,13502879.03
262,21,11,CASH_IN,2091,313422320.76,0,0.0
262,21,11,CASH_OUT,2635,361252803.86,11,11552571.97
262,21,11,DEBIT,79,501283.49,0,0.0
262,21,11,PAYMENT,5358,37047948.7,0,0.0
262,21,11,TRANSFER,962,509268060.21,11,11552571.97
263,22,11,CASH_IN,1453,224146726.36,0,0.0
263,22,11,CASH_OUT,1509,222373058.98,3,632731.51
263,22,11,DEBIT,100,327350.86,0,0.0
263,22,11,PAYMENT,4342,21992027.71,0,0.0
263,22,11,TRANSFER,617,216399029.29,3,632731.51
264,23,11,CASH_IN,663,103692227.44,0,0.0
264,23,11,CASH_OUT,661,99083434.84,4,3233965.72
264,23,11,DEBIT,77,217807.94,0,0.0
264,23,11,PAYMENT,2296,11073372.27,0,0.0
264,23,11,TRANSFER,345,154922388.64,4,3233965.72
265,0,12,CASH_IN,305,48531611.04,0,0.0
265,0,12,CASH_OUT,186,36229989.46,6,11233740.93
265,0,12,DEBIT,60,212360.19,0,0.0
265,0,12,PAYMENT,906,4459562.67,0,0.0
265,0,12,TRANSFER,124,55339639.0,6,11233740.93
266,1,12,CASH_IN,174,25538157.44,0,0.0
266,1,12,CASH_OUT,82,42345448.82,5,30892107.22
266,1,12,DEBIT,39,121378.48,0,0.0
266,1,12,PAYMENT,438,2453531.52,0,0.0
266,1,12,TRANSFER,34,34546618.77,5,30892107.22
267,2,12,CASH_IN,1,44418.9,0,0.0
267,2,12,CASH_OUT,18,8314220.06,4,5878550.26
267,2,12,PAYMENT,30,72927.5,0,0.0
267,2,12,TRANSFER,28,45957891.31,4,5878550.26
268,3,12,CASH_OUT,3,4045207.36,3,4045207.36
268,3,12,TRANSFER,3,4045207.36,3,4045207.36
269,4,12,CASH_OUT,7,15393450.36,7,15393450.36
269,4,12,TRANSFER,7,15393450.36,7,15393450.36
270,5,12,CASH_OUT,8,3726854.63,8,3726854.63
270,5,12,TRANSFER,8,3726854.63,8,3726854.63
271,6,12,CASH_OUT,6,10805937.64,6,10805937.64
271,6,12,TRANSFER,6,10805937.64,6,10805937.64
272,7,12,CASH_OUT,6,7381464.65,6,7381464.65
272,7,12,TRANSFER,6,7381464.65,6,7381464.65
273,8,12,CASH_IN,1706,265805769.11,0,0.0
273,8,12,CASH_OUT,2509,382415475.19,10,11902084.3
273,8,12,DEBIT,73,296416.5,0,0.0
273,8,12,PAYMENT,2859,20289673.94,0,0.0
273,8,12,TRANSFER,724,388720735.18,10,11902084.3
274,9,12,CASH_IN,4214,653819323.23,0,0.0
274,9,12,CASH_OUT,6515,1006581925.77,10,9682188.95
274,9,12,DEBIT,103,520373.15,0,0.0
274,9,12,PAYMENT,6691,58620847.13,0,0.0
274,9,12,TRANSFER,1679,1106702166.21,10,9682188.95
275,10,12,CASH_IN,5484,848555765.63,0,0.0
275,10,12,CASH_OUT,9070,1401926583.43,5,7306188.970000001
275,10,12,DEBIT,135,1054179.96,0,0.0
275,10,12,PAYMENT,8151,80745595.68,0,0.0
275,10,12,TRANSFER,1957,1176022162.87,5,7306188.970000001
276,11,12,CASH_IN,5985,947767192.94,0,0.0
276,11,12,CASH_OUT,9635,1402262956.31,5,6814820.16
276,11,12,DEBIT,147,722528.74,0,0.0
276,11,12,PAYMENT,8352,92570109.56,0,0.0
276,11,12,TRANSFER,2264,1969299486.88,5,6814820.16
277,12,12,CASH_IN,5932,921063441.69,0,0.0
277,12,12,CASH_OUT,9337,1435246731.0,7,4167425.51
277,12,12,DEBIT,144,663739.68,0,0.0
277,12,12,PAYMENT,8403,87735078.94,0,0.0
277,12,12,TRANSFER,2109,1599533663.56,7,4167425.51
278,13,12,CASH_IN,5715,912936723.34,0,0.0
278,13,12,CASH_OUT,9070,1372358841.37,2,329883.57999999996
278,13,12,DEBIT,140,693743.09,0,0.0
278,13,12,PAYMENT,8670,86517493.62,0,0.0
278,13,12,TRANSFER,2142,1650148370.76,2,329883.57999999996
279,14,12,CASH_IN,5694,905488615.05,0,0.0
279,14,12,CASH_OUT,9242,1439994866.07,11,32264067.37
279,14,12,DEBIT,141,521783.41000000003,0,0.0
279,14,12,PAYMENT,8738,86062689.72,0,0.0
279,14,12,TRANSFER,2110,1799188262.51,11,32800691.78
280,15,12,CASH_IN,5891,909622916.98,0,0.0
280,15,12,CASH_OUT,9087,1367143104.89,2,744616.4099999999
280,15,12,DEBIT,148,479147.02,0,0.0
280,15,12,PAYMENT,8713,90963314.0,0,0.0
280,15,12,TRANSFER,2117,1699918227.14,2,744616.4099999999
281,16,12,CASH_IN,5867,893754890.88,0,0.0
281,16,12,CASH_OUT,10224,1481228667.51,9,10817143.93
281,16,12,DEBIT,134,597586.36,0,0.0
281,16,12,PAYMENT,9395,96392434.16,0,0.0
281,16,12,TRANSFER,2158,2032344013.6200001,9,10817143.93
282,17,12,CASH_IN,6554,977936728.19,0,0.0
282,17,12,CASH_OUT,11911,1629230193.89,9,4010315.26
282,17,12,DEBIT,183,1740639.78,0,0.0
282,17,12,PAYMENT,10137,106989272.81,0,0.0
282,17,12,TRANSFER,2333,2365258895.57,9,4010315.26
283,18,12,CASH_IN,7662,1130245384.28,0,0.0
283,18,12,CASH_OUT,14076,1892183157.76,4,1982962.78
283,18,12,DEBIT,171,2945822.44,0,0.0
283,18,12,PAYMENT,12015,137968960.94,0,0.0
283,18,12,TRANSFER,2720,3095227834.56,4,1982962.78
284,19,12,CASH_IN,6819,982301623.07,0,0.0
284,19,12,CASH_OUT,11938,1628486117.72,8,4493377.31
284,19,12,DEBIT,151,768944.13,0,0.0
284,19,12,PAYMENT,12153,146729257.8,0,0.0
284,19,12,TRANSFER,2388,3164761389.36,8,4493377.31
285,20,12,CASH_IN,2747,411525714.46,0,0.0
285,20,12,CASH_OUT,4044,639233652.31,8,13786418.540000001
285,20,12,DEBIT,109,831565.88,0,0.0
285,20,12,PAYMENT,6288,76299102.21,0,0.0
285,20,12,TRANSFER,1078,1715088665.83,8,13786418.540000001
286,21,12,CASH_IN,2201,354621946.89,0,0.0
286,21,12,CASH_OUT,2556,430639653.85,4,3007953.87
286,21,12,DEBIT,120,323351.09,0,0.0
286,21,12,PAYMENT,5539,69254121.78,0,0.0
286,21,12,TRANSFER,917,1580548082.89,4,3007953.87
287,22,12,CASH_IN,970,164052786.29,0,0.0
287,22,12,CASH_OUT,1303,238656404.21,5,10333926.5
287,22,12,DEBIT,96,417774.13,0,0.0
287,22,12,PAYMENT,3944,72651789.24,0,0.0
287,22,12,TRANSFER,576,968879711.05,5,10333926.5
288,23,12,CASH_IN,533,94900489.14,0,0.0
288,23,12,CASH_OUT,671,125466837.2,5,2722573.5
288,23,12,DEBIT,100,276872.29,0,0.0
288,23,12,PAYMENT,2366,90328832.1,0,0.0
288,23,12,TRANSFER,348,629555701.0,5,2722573.5
289,0,13,CASH_IN,220,36334600.57,0,0.0
289,0,13,CASH_OUT,176,35700876.75,6,955284.15
289,0,13,DEBIT,58,190691.85,0,0.0
289,0,13,PAYMENT,889,10387016.04,0,0.0
289,0,13,TRANSFER,94,118329651.41,6,955284.15
290,1,13,CASH_IN,147,27228880.13,0,0.0
290,1,13,CASH_OUT,49,10925434.209999999,4,2182566.55
290,1,13,DEBIT,30,137386.34,0,0.0
290,1,13,PAYMENT,241,2542384.99,0,0.0
290,1,13,TRANSFER,20,11314120.37,4,2182566.55
291,2,13,CASH_OUT,15,6460825.58,5,3773581.12
291,2,13,PAYMENT,13,62040.159999999996,0,0.0
291,2,13,TRANSFER,16,48887154.379999995,5,3773581.12
292,3,13,CASH_OUT,4,3005441.56,4,3005441.56
292,3,13,TRANSFER,4,3005441.56,4,3005441.56
293,4,13,CASH_OUT,2,764798.75,2,764798.75
293,4,13,TRANSFER,2,764798.75,2,764798.75
294,5,13,CASH_OUT,9,13408398.040000001,9,13408398.040000001
294,5,13,TRANSFER,9,13408398.040000001,9,13408398.040000001
295,6,13,CASH_OUT,5,6624422.58,5,6624422.58
295,6,13,TRANSFER,5,6624422.58,5,6624422.58
296,7,13,CASH_OUT,11,24936705.0,11,24936705.0
296,7,13,TRANSFER,11,24936705.0,11,24936705.0
297,8,13,CASH_IN,4843,880412614.02,0,0.0
297,8,13,CASH_OUT,7017,1418838613.27,4,10886641.05
297,8,13,DEBIT,102,459632.41,0,0.0
297,8,13,PAYMENT,6906,172263433.08,0,0.0
297,8,13,TRANSFER,1741,3539253823.78,4,10886641.05
298,9,13,CASH_IN,6924,1259963837.74,0,0.0
298,9,13,CASH_OUT,10782,2120932579.8,2,528073.8200000001
298,9,13,DEBIT,123,975588.12,0,0.0
298,9,13,PAYMENT,9129,226517124.64,0,0.0
298,9,13,TRANSFER,2621,5809589502.45,2,528073.8200000001
299,10,13,CASH_IN,7500,1351413823.14,0,0.0
299,10,13,CASH_OUT,11547,2274125602.53,5,9088942.58
299,10,13,DEBIT,167,4793600.97,0,0.0
299,10,13,PAYMENT,10259,214542633.07,0,0.0
299,10,13,TRANSFER,2467,5006693148.99,5,9088942.58
300,11,13,CASH_IN,7100,1336473473.41,0,0.0
300,11,13,CASH_OUT,11657,2193823138.79,4,2009300.67
300,11,13,DEBIT,170,1001345.2,0,0.0
300,11,13,PAYMENT,9735,188806527.11,0,0.0
300,11,13,TRANSFER,2514,5881952878.93,4,2009300.67
301,12,13,CASH_IN,6807,1260485909.68,0,0.0
301,12,13,CASH_OUT,11601,2257636154.14,2,491390.01
301,12,13,DEBIT,171,844813.93,0,0.0
301,12,13,PAYMENT,9743,180391714.8,0,0.0
301,12,13,TRANSFER,2559,5176282830.57,2,491390.01
302,13,13,CASH_IN,6563,1220373667.76,0,0.0
302,13,13,CASH_OUT,10748,2069118691.22,4,3476599.54
302,13,13,DEBIT,182,638079.39,0,0.0
302,13,13,PAYMENT,9151,168917719.74,0,0.0
302,13,13,TRANSFER,2483,5825915339.1,4,3476599.54
303,14,13,CASH_IN,5845,1089456927.84,0,0.0
303,14,13,CASH_OUT,8847,1773707815.0,7,27370192.01
303,14,13,DEBIT,160,1002531.88,0,0.0
303,14,13,PAYMENT,7745,182354142.75,0,0.0
303,14,13,TRANSFER,2117,8678193541.65,7,27370192.01
304,15,13,CASH_IN,6065,1056200611.34,0,0.0
304,15,13,CASH_OUT,9135,1749875854.26,1,46661.03
304,15,13,DEBIT,164,610639.98,0,0.0
304,15,13,PAYMENT,7873,124372250.8,0,0.0
304,15,13,TRANSFER,3460,22032490987.56,1,46661.03
305,16,13,CASH_IN,7633,1365381492.39,0,0.0
305,16,13,CASH_OUT,12967,2407666917.06,7,16329696.24
305,16,13,DEBIT,217,994838.91,0,0.0
305,16,13,PAYMENT,10235,179103229.13,0,0.0
305,16,13,TRANSFER,3543,15052100088.46,7,16329696.24
306,17,13,CASH_IN,9917,1726900793.07,0,0.0
306,17,13,CASH_OUT,17129,2874187827.19,6,17831136.03
306,17,13,DEBIT,256,1222466.91,0,0.0
306,17,13,PAYMENT,12995,184112434.2,0,0.0
306,17,13,TRANSFER,3318,3169003005.35,6,17831136.03
307,18,13,CASH_IN,10880,1793342672.72,0,0.0
307,18,13,CASH_OUT,17855,2718906863.99,8,6494815.63
307,18,13,DEBIT,224,1135806.74,0,0.0
307,18,13,PAYMENT,14379,192857221.19,0,0.0
307,18,13,TRANSFER,3630,3805762474.84,8,6494815.63
308,19,13,CASH_IN,7741,1176348965.05,0,0.0
308,19,13,CASH_OUT,13235,1984938687.11,3,7269018.98
308,19,13,DEBIT,182,625282.59,0,0.0
308,19,13,PAYMENT,13063,194700947.12,0,0.0
308,19,13,TRANSFER,2762,2987353190.81,3,7269018.98
309,20,13,CASH_IN,3084,477430512.3,0,0.0
309,20,13,CASH_OUT,4211,677532039.63,4,5829593.98
309,20,13,DEBIT,91,239815.23,0,0.0
309,20,13,PAYMENT,6487,113105308.51,0,0.0
309,20,13,TRANSFER,1274,1632846210.15,4,5829593.98
310,21,13,CASH_IN,2197,353202124.47,0,0.0
310,21,13,CASH_OUT,2524,440984502.43,5,11609476.17
310,21,13,DEBIT,98,285890.44,0,0.0
310,21,13,PAYMENT,5495,92958097.99,0,0.0
310,21,13,TRANSFER,1079,1463791739.73,5,11609476.17
311,22,13,CASH_IN,1800,301448508.83,0,0.0
311,22,13,CASH_OUT,1780,323196116.88,8,19722062.6
311,22,13,DEBIT,139,405076.91,0,0.0
311,22,13,PAYMENT,5361,55868403.49,0,0.0
311,22,13,TRANSFER,783,1162818639.83,8,19722062.6
312,23,13,CASH_IN,574,97818714.1,0,0.0
312,23,13,CASH_OUT,578,118497776.98,5,17440447.12
312,23,13,DEBIT,92,208544.52,0,0.0
312,23,13,PAYMENT,1761,17326081.88,0,0.0
312,23,13,TRANSFER,261,388775043.34,5,17440447.12
313,0,14,CASH_IN,223,40084425.16,0,0.0
313,0,14,CASH_OUT,131,32684704.38,5,9960848.27
313,0,14,DEBIT,69,233867.92,0,0.0
313,0,14,PAYMENT,760,23815064.07,0,0.0
313,0,14,TRANSFER,122,167330674.55,5,9960848.27
314,1,14,CASH_IN,143,24233058.39,0,0.0
314,1,14,CASH_OUT,70,18431909.99,3,3315478.06
314,1,14,DEBIT,21,61574.46,0,0.0
314,1,14,PAYMENT,253,1736054.44,0,0.0
314,1,14,TRANSFER,25,26477548.48,3,3315478.06
315,2,14,CASH_OUT,6,16600859.65,6,16600859.65
315,2,14,TRANSFER,6,16600859.65,6,16600859.65
316,3,14,CASH_OUT,6,4639712.63,6,4639712.63
316,3,14,TRANSFER,6,4639712.63,6,4639712.63
317,4,14,CASH_OUT,10,3177043.97,10,3177043.97
317,4,14,TRANSFER,10,3177043.97,10,3177043.97
318,5,14,CASH_OUT,3,1692354.69,3,1692354.69
318,5,14,TRANSFER,3,1692354.69,3,1692354.69
319,6,14,CASH_OUT,4,6110191.23,4,6110191.23
319,6,14,TRANSFER,4,6110191.23,4,6110191.23
320,7,14,CASH_OUT,7,10382223.89,7,10382223.89
320,7,14,TRANSFER,7,10382223.89,7,10382223.89
321,8,14,CASH_IN,3947,674420686.12,0,0.0
321,8,14,CASH_OUT,5987,1117352249.05,4,1141559.1500000001
321,8,14,DEBIT,133,481986.83,0,0.0
321,8,14,PAYMENT,6036,91953982.68,0,0.0
321,8,14,TRANSFER,1665,2731958803.17,4,1141559.1500000001
322,9,14,CASH_IN,6053,1096744375.64,0,0.0
322,9,14,CASH_OUT,9677,1906009377.12,8,14718274.51
322,9,14,DEBIT,231,916423.17,0,0.0
322,9,14,PAYMENT,8874,178430744.28,0,0.0
322,9,14,TRANSFER,2312,4432493187.6,8,14718274.51
323,10,14,CASH_IN,6640,1254969980.86,0,0.0
323,10,14,CASH_OUT,11005,2195051516.76,5,8946620.97
323,10,14,DEBIT,265,1250370.84,0,0.0
323,10,14,PAYMENT,9568,225019796.96,0,0.0
323,10,14,TRANSFER,2406,4184819854.68,5,8946620.97
324,11,14,CASH_IN,6672,1235795170.2,0,0.0
324,11,14,CASH_OUT,10657,2071733519.69,5,1223615.82
324,11,14,DEBIT,238,1478167.89,0,0.0
324,11,14,PAYMENT,9306,177450293.59,0,0.0
324,11,14,TRANSFER,2557,3820167021.12,5,1223615.82
325,12,14,CASH_IN,6423,1186581936.56,0,0.0
325,12,14,CASH_OUT,10328,1911035326.76,5,2294909.79
325,12,14,DEBIT,188,1042259.65,0,0.0
325,12,14,PAYMENT,8584,138519818.07,0,0.0
325,12,14,TRANSFER,2378,4179135055.74,5,2294909.79
326,13,14,CASH_IN,5925,1115521665.53,0,0.0
326,13,14,CASH_OUT,9672,1795867509.25,7,9032479.16
326,13,14,DEBIT,166,743168.58,0,0.0
326,13,14,PAYMENT,8581,153999142.08,0,0.0
326,13,14,TRANSFER,2311,5482158471.41,7,9032479.16
327,14,14,CASH_IN,5727,1026563246.42,0,0.0
327,14,14,CASH_OUT,9071,1732852913.99,5,2458658.42
327,14,14,DEBIT,120,1966808.21,0,0.0
327,14,14,PAYMENT,7641,152613868.68,0,0.0
327,14,14,TRANSFER,2624,11410075304.03,5,2458658.42
328,15,14,CASH_IN,6372,1158988455.64,0,0.0
328,15,14,CASH_OUT,9694,1868644933.61,9,6980833.77
328,15,14,DEBIT,142,2239430.95,0,0.0
328,15,14,PAYMENT,8128,170147241.68,0,0.0
328,15,14,TRANSFER,2541,8447689042.15,9,6980833.77
329,16,14,CASH_IN,7108,1273804439.32,0,0.0
329,16,14,CASH_OUT,12060,2136161704.07,3,3973397.1999999997
329,16,14,DEBIT,181,2023836.29,0,0.0
329,16,14,PAYMENT,10129,179410564.71,0,0.0
329,16,14,TRANSFER,2683,2511260008.68,3,3973397.1999999997
330,17,14,CASH_IN,8042,1377601900.32,0,0.0
330,17,14,CASH_OUT,13952,2337687058.26,5,10351906.41
330,17,14,DEBIT,237,815055.15,0,0.0
330,17,14,PAYMENT,11587,160407527.09,0,0.0
330,17,14,TRANSFER,2864,2057133913.42,5,10351906.41
331,18,14,CASH_IN,8568,1402991632.81,0,0.0
331,18,14,CASH_OUT,15178,2412378828.65,3,980408.9500000001
331,18,14,DEBIT,234,804920.66,0,0.0
331,18,14,PAYMENT,13006,167217301.56,0,0.0
331,18,14,TRANSFER,3200,2424555705.33,3,980408.9500000001
332,19,14,CASH_IN,7789,1212182881.32,0,0.0
332,19,14,CASH_OUT,12457,1818853697.69,3,602823.6699999999
332,19,14,DEBIT,183,561334.4,0,0.0
332,19,14,PAYMENT,13031,166585950.79,0,0.0
332,19,14,TRANSFER,2696,2034397092.42,3,602823.6699999999
333,20,14,CASH_IN,3081,494504737.38,0,0.0
333,20,14,CASH_OUT,3798,610670547.96,4,4563462.35
333,20,14,DEBIT,111,403432.6,0,0.0
333,20,14,PAYMENT,6311,108602607.14,0,0.0
333,20,14,TRANSFER,1252,1305193798.76,4,4563462.35
334,21,14,CASH_IN,2257,354216899.54,0,0.0
334,21,14,CASH_OUT,2509,418439909.5,2,1526643.1800000002
334,21,14,DEBIT,140,476053.3,0,0.0
334,21,14,PAYMENT,6035,84108337.04,0,0.0
334,21,14,TRANSFER,1075,1108198122.49,2,1526643.1800000002
335,22,14,CASH_IN,1799,293554523.18,0,0.0
335,22,14,CASH_OUT,1874,316805298.83,2,2219119.65
335,22,14,DEBIT,124,397276.82,0,0.0
335,22,14,PAYMENT,5762,55965367.79,0,0.0
335,22,14,TRANSFER,897,983975760.03,2,2219119.65
336,23,14,CASH_IN,529,87715037.0,0,0.0
336,23,14,CASH_OUT,470,90416353.6,9,10042491.57
336,23,14,DEBIT,98,200077.17,0,0.0
336,23,14,PAYMENT,1581,15702457.42,0,0.0
336,23,14,TRANSFER,254,275801583.09,9,10042491.57
337,0,15,CASH_IN,81,13346457.91,0,0.0
337,0,15,CASH_OUT,78,14250909.379999999,5,1922192.51
337,0,15,DEBIT,18,46477.82,0,0.0
337,0,15,PAYMENT,123,867245.34,0,0.0
337,0,15,TRANSFER,20,9000635.28,5,1922192.51
338,1,15,CASH_IN,150,26297833.3,0,0.0
338,1,15,CASH_OUT,61,12542849.24,2,262783.45
338,1,15,DEBIT,37,116758.36,0,0.0
338,1,15,PAYMENT,269,2477958.23,0,0.0
338,1,15,TRANSFER,12,12660827.709999999,2,262783.45
339,2,15,CASH_OUT,5,2419888.88,5,2419888.88
339,2,15,TRANSFER,5,2419888.88,5,2419888.88
340,3,15,CASH_OUT,5,10288289.129999999,5,10288289.129999999
340,3,15,TRANSFER,5,10288289.129999999,5,10288289.129999999
341,4,15,CASH_OUT,5,4840636.84,5,4840636.84
341,4,15,TRANSFER,5,4840636.84,5,4840636.84
342,5,15,CASH_OUT,7,1436381.75,7,1436381.75
342,5,15,TRANSFER,7,1436381.75,7,1436381.75
343,6,15,CASH_OUT,6,2649961.79,6,2649961.79
343,6,15,TRANSFER,6,2649961.79,6,2649961.79
344,7,15,CASH_OUT,3,2623077.29,3,2623077.29
344,7,15,TRANSFER,3,2623077.29,3,2623077.29
345,8,15,CASH_IN,3236,540570022.75,0,0.0
345,8,15,CASH_OUT,4645,912711912.11,6,10467137.66
345,8,15,DEBIT,112,475994.44,0,0.0
345,8,15,PAYMENT,5234,81973410.52,0,0.0
345,8,15,TRANSFER,1443,2239377779.09,6,10467137.66
346,9,15,CASH_IN,5961,1051091341.18,0,0.0
346,9,15,CASH_OUT,9225,1732084166.89,3,2201335.77
346,9,15,DEBIT,198,788044.27,0,0.0
346,9,15,PAYMENT,8434,151478800.23,0,0.0
346,9,15,TRANSFER,2255,2891218363.8,3,2201335.77
347,10,15,CASH_IN,7128,1264096806.16,0,0.0
347,10,15,CASH_OUT,10750,2051324075.39,0,0.0
347,10,15,DEBIT,263,973611.54,0,0.0
347,10,15,PAYMENT,9438,208230140.51,0,0.0
347,10,15,TRANSFER,2643,3439831498.16,0,0.0
348,11,15,CASH_IN,6952,1233197291.55,0,0.0
348,11,15,CASH_OUT,10256,1958988410.39,4,7911174.07
348,11,15,DEBIT,228,2685317.83,0,0.0
348,11,15,PAYMENT,9442,186735127.04,0,0.0
348,11,15,TRANSFER,2589,4547601358.22,4,7911174.07
349,12,15,CASH_IN,6570,1189361732.9,0,0.0
349,12,15,CASH_OUT,10774,2057633935.27,9,8481924.98
349,12,15,DEBIT,226,819928.84,0,0.0
349,12,15,PAYMENT,9419,190728594.92,0,0.0
349,12,15,TRANSFER,2563,2263172157.79,9,8481924.98
350,13,15,CASH_IN,6442,1111409246.59,0,0.0
350,13,15,CASH_OUT,10273,1864119720.1,7,11199075.15
350,13,15,DEBIT,192,701471.04,0,0.0
350,13,15,PAYMENT,8981,141192263.72,0,0.0
350,13,15,TRANSFER,2357,2522872477.08,7,11199075.15
351,14,15,CASH_IN,6155,1111599609.16,0,0.0
351,14,15,CASH_OUT,9733,1829995133.18,9,29043943.96
351,14,15,DEBIT,199,1144036.41,0,0.0
351,14,15,PAYMENT,8449,109633843.8,0,0.0
351,14,15,TRANSFER,2391,2119841334.64,9,29043943.96
352,15,15,CASH_IN,6215,1114235310.21,0,0.0
352,15,15,CASH_OUT,9936,1825467663.47,8,13139688.66
352,15,15,DEBIT,240,849105.54,0,0.0
352,15,15,PAYMENT,8563,120582006.38,0,0.0
352,15,15,TRANSFER,2185,1986699469.16,8,13139688.66
353,16,15,CASH_IN,6939,1220634465.93,0,0.0
353,16,15,CASH_OUT,11173,1970944303.6,4,1302431.59
353,16,15,DEBIT,267,793752.06,0,0.0
353,16,15,PAYMENT,9459,129391067.43,0,0.0
353,16,15,TRANSFER,2582,3457625045.97,4,1302431.59
354,17,15,CASH_IN,8918,1502916780.34,0,0.0
354,17,15,CASH_OUT,15596,2522922933.92,6,20094506.720000003
354,17,15,DEBIT,316,1301112.22,0,0.0
354,17,15,PAYMENT,12510,152566347.58,0,0.0
354,17,15,TRANSFER,3356,2785508082.19,6,20094506.720000003
355,18,15,CASH_IN,10059,1552783144.81,0,0.0
355,18,15,CASH_OUT,17101,2556099271.63,4,9856610.43
355,18,15,DEBIT,311,996706.91,0,0.0
355,18,15,PAYMENT,13853,156404426.68,0,0.0
355,18,15,TRANSFER,3463,2967970059.67,4,9856610.43
356,19,15,CASH_IN,7308,1088375675.59,0,0.0
356,19,15,CASH_OUT,11623,1639998616.12,3,6317326.25
356,19,15,DEBIT,199,676387.7,0,0.0
356,19,15,PAYMENT,11760,123939724.64,0,0.0
356,19,15,TRANSFER,2638,1840545164.21,3,6317326.25
357,20,15,CASH_IN,3199,474235736.68,0,0.0
357,20,15,CASH_OUT,4149,643670071.35,9,18953360.35
357,20,15,DEBIT,120,482587.84,0,0.0
357,20,15,PAYMENT,6381,71934627.8,0,0.0
357,20,15,TRANSFER,1247,1100782808.82,9,18953360.35
358,21,15,CASH_IN,2340,358172406.33,0,0.0
358,21,15,CASH_OUT,2651,431331531.71,5,7843449.55
358,21,15,DEBIT,122,421695.36,0,0.0
358,21,15,PAYMENT,5875,88856124.93,0,0.0
358,21,15,TRANSFER,1062,875720675.43,5,7843449.55
359,22,15,CASH_IN,1482,247048026.86,0,0.0
359,22,15,CASH_OUT,1457,248086465.89,6,19759268.34
359,22,15,DEBIT,143,1509311.92,0,0.0
359,22,15,PAYMENT,4273,38941556.66,0,0.0
359,22,15,TRANSFER,636,546134562.14,6,19759268.34
360,23,15,CASH_IN,501,88273594.51,0,0.0
360,23,15,CASH_OUT,663,118546949.08,4,1980960.24
360,23,15,DEBIT,80,164473.24,0,0.0
360,23,15,PAYMENT,1961,16001920.32,0,0.0
360,23,15,TRANSFER,303,252039523.8,4,1980960.24
361,0,16,CASH_IN,228,38569941.02,0,0.0
361,0,16,CASH_OUT,237,47346430.5,7,8016550.61
361,0,16,DEBIT,74,104258.24,0,0.0
361,0,16,PAYMENT,812,19547850.64,0,0.0
361,0,16,TRANSFER,90,64558826.47,7,8016550.61
362,1,16,CASH_IN,145,26058864.88,0,0.0
362,1,16,CASH_OUT,71,35065426.32,10,24248354.44
362,1,16,DEBIT,24,84230.67,0,0.0
362,1,16,PAYMENT,222,1392572.19,0,0.0
362,1,16,TRANSFER,42,57868459.42,10,24248354.44
363,2,16,CASH_OUT,7,19013906.84,7,19013906.84
363,2,16,TRANSFER,7,19013906.84,7,19013906.84
364,3,16,CASH_OUT,3,3854187.81,3,3854187.81
364,3,16,TRANSFER,3,3854187.81,3,3854187.81
365,4,16,CASH_OUT,7,9368998.049999999,7,9368998.049999999
365,4,16,TRANSFER,7,9368998.049999999,7,9368998.049999999
366,5,16,CASH_OUT,5,11625367.94,5,11625367.94
366,5,16,TRANSFER,5,11625367.94,5,11625367.94
367,6,16,CASH_OUT,7,3482735.16,7,3482735.16
367,6,16,TRANSFER,7,3482735.16,7,3482735.16
368,7,16,CASH_OUT,3,1450469.34,3,1450469.34
368,7,16,TRANSFER,3,1450469.34,3,1450469.34
369,8,16,CASH_IN,3263,537897106.64,0,0.0
369,8,16,CASH_OUT,4551,833489762.61,3,1995721.33
369,8,16,DEBIT,83,423649.37,0,0.0
369,8,16,PAYMENT,5228,77949918.37,0,0.0
369,8,16,TRANSFER,1365,1833581420.46,3,1995721.33
370,9,16,CASH_IN,6071,1088561337.03,0,0.0
370,9,16,CASH_OUT,8810,1704613265.89,9,17322531.02
370,9,16,DEBIT,167,963500.2,0,0.0
370,9,16,PAYMENT,8236,117148753.44,0,0.0
370,9,16,TRANSFER,2145,3425967396.27,9,17322531.02
371,10,16,CASH_IN,6377,1150642511.93,0,0.0
371,10,16,CASH_OUT,10096,1906143762.48,3,391118.62
371,10,16,DEBIT,179,672745.1900000001,0,0.0
371,10,16,PAYMENT,9148,152984507.69,0,0.0
371,10,16,TRANSFER,2588,2758420623.89,3,391118.62
372,11,16,CASH_IN,6763,1307852811.43,0,0.0
372,11,16,CASH_OUT,10775,1976240328.41,4,8769070.719999999
372,11,16,DEBIT,208,1007187.95,0,0.0
372,11,16,PAYMENT,9281,139034060.9,0,0.0
372,11,16,TRANSFER,2488,2082414685.26,4,8769070.719999999
373,12,16,CASH_IN,6650,1201014038.79,0,0.0
373,12,16,CASH_OUT,10434,2031301523.25,6,5314341.529999999
373,12,16,DEBIT,186,1146011.14,0,0.0
373,12,16,PAYMENT,9134,136079793.41,0,0.0
373,12,16,TRANSFER,2449,2037992482.8,6,5314341.529999999
374,13,16,CASH_IN,6399,1117533310.39,0,0.0
374,13,16,CASH_OUT,10084,1867627459.21,7,3290437.58
374,13,16,DEBIT,161,900499.62,0,0.0
374,13,16,PAYMENT,8718,128838937.68,0,0.0
374,13,16,TRANSFER,2365,1888698188.86,7,3290437.58
375,14,16,CASH_IN,5848,1058232259.92,0,0.0
375,14,16,CASH_OUT,9330,1702283184.35,5,1996626.43
375,14,16,DEBIT,177,973033.45,0,0.0
375,14,16,PAYMENT,8460,125416798.03,0,0.0
375,14,16,TRANSFER,2288,2623941042.98,5,1996626.43
376,15,16,CASH_IN,4409,772356341.1,0,0.0
376,15,16,CASH_OUT,7044,1310998990.11,2,697156.9199999999
376,15,16,DEBIT,123,808767.92,0,0.0
376,15,16,PAYMENT,6648,102947591.75,0,0.0
376,15,16,TRANSFER,1898,3951861661.99,2,697156.9199999999
377,16,16,CASH_IN,3864,637646867.94,0,0.0
377,16,16,CASH_OUT,6609,1231461078.15,5,3844948.0500000003
377,16,16,DEBIT,88,339393.41000000003,0,0.0
377,16,16,PAYMENT,6011,77640762.05,0,0.0
377,16,16,TRANSFER,1611,1016651121.57,5,3844948.0500000003
378,17,16,CASH_IN,7894,1302811640.39,0,0.0
378,17,16,CASH_OUT,14583,2332525079.13,2,380577.53
378,17,16,DEBIT,177,949463.12,0,0.0
378,17,16,PAYMENT,11502,142873514.75,0,0.0
378,17,16,TRANSFER,2971,1752319470.59,2,380577.53
379,18,16,CASH_IN,9026,1412855085.92,0,0.0
379,18,16,CASH_OUT,16458,2440927689.9,8,16811525.46
379,18,16,DEBIT,204,913535.86,0,0.0
379,18,16,PAYMENT,12827,149587666.76,0,0.0
379,18,16,TRANSFER,3244,1843470165.63,8,16811525.46
380,19,16,CASH_IN,8155,1254653336.24,0,0.0
380,19,16,CASH_OUT,13362,1928157622.96,7,4582532.99
380,19,16,DEBIT,178,1059466.52,0,0.0
380,19,16,PAYMENT,13183,146075039.45,0,0.0
380,19,16,TRANSFER,2815,1473300524.96,7,4582532.99
381,20,16,CASH_IN,3111,459742542.34,0,0.0
381,20,16,CASH_OUT,4197,628947189.16,2,806138.71
381,20,16,DEBIT,78,1498800.81,0,0.0
381,20,16,PAYMENT,6310,69975000.69,0,0.0
381,20,16,TRANSFER,1265,883144562.19,2,806138.71
382,21,16,CASH_IN,2420,389190660.55,0,0.0
382,21,16,CASH_OUT,2812,434942522.06,4,3632192.64
382,21,16,DEBIT,99,647154.95,0,0.0
382,21,16,PAYMENT,5479,69720241.75,0,0.0
382,21,16,TRANSFER,1019,762929495.17,4,3632192.64
383,22,16,CASH_IN,1387,218715804.27,0,0.0
383,22,16,CASH_OUT,1454,259963406.28,7,14336243.99
383,22,16,DEBIT,115,539463.97,0,0.0
383,22,16,PAYMENT,4234,45432719.29,0,0.0
383,22,16,TRANSFER,628,530369523.04,7,14336243.99
384,23,16,CASH_IN,581,98654488.55,0,0.0
384,23,16,CASH_OUT,649,109674008.26,3,2567833.69
384,23,16,DEBIT,93,273249.86,0,0.0
384,23,16,PAYMENT,2012,21431127.22,0,0.0
384,23,16,TRANSFER,253,213381543.9,3,2567833.69
385,0,17,CASH_IN,249,44029630.53,0,0.0
385,0,17,CASH_OUT,189,32967268.16,4,2733488.37
385,0,17,DEBIT,46,174979.8,0,0.0
385,0,17,PAYMENT,852,8041556.21,0,0.0
385,0,17,TRANSFER,83,57082705.37,4,2733488.37
386,1,17,CASH_IN,182,30163021.77,0,0.0
386,1,17,CASH_OUT,85,47301416.660000004,8,31839974.59
386,1,17,DEBIT,36,72422.19,0,0.0
386,1,17,PAYMENT,285,3434133.05,0,0.0
386,1,17,TRANSFER,45,50941141.61,8,31839974.59
387,2,17,CASH_OUT,14,71172727.65,14,71172727.65
387,2,17,TRANSFER,14,76064920.74,14,76064920.74
388,3,17,CASH_OUT,9,17032028.53,9,17032028.53
388,3,17,TRANSFER,9,17032028.53,9,17032028.53
389,4,17,CASH_OUT,5,12797929.95,5,12797929.95
389,4,17,TRANSFER,5,12797929.95,5,12797929.95
390,5,17,CASH_OUT,6,8617994.21,6,8617994.21
390,5,17,TRANSFER,6,8617994.21,6,8617994.21
391,6,17,CASH_OUT,6,6821483.42,6,6821483.42
391,6,17,TRANSFER,6,6821483.42,6,6821483.42
392,7,17,CASH_OUT,5,3967679.38,5,3967679.38
392,7,17,TRANSFER,5,3967679.38,5,3967679.38
393,8,17,CASH_IN,4257,715262415.92,0,0.0
393,8,17,CASH_OUT,6710,1219804956.06,2,723157.75
393,8,17,DEBIT,130,6088850.81,0,0.0
393,8,17,PAYMENT,6497,136858867.9,0,0.0
393,8,17,TRANSFER,1675,2499010791.91,2,723157.75
394,9,17,CASH_IN,6839,1198969051.59,0,0.0
394,9,17,CASH_OUT,10275,1948730522.39,5,5056914.26
394,9,17,DEBIT,197,862006.64,0,0.0
394,9,17,PAYMENT,9127,187331086.24,0,0.0
394,9,17,TRANSFER,2521,3097887616.99,5,5056914.26
395,10,17,CASH_IN,5610,1007144937.27,0,0.0
395,10,17,CASH_OUT,7905,1451523451.45,4,471846.2
395,10,17,DEBIT,184,642692.2,0,0.0
395,10,17,PAYMENT,7151,131332108.8,0,0.0
395,10,17,TRANSFER,1947,1321967203.1,4,471846.2
396,11,17,CASH_IN,7593,1379858280.08,0,0.0
396,11,17,CASH_OUT,12733,2351450983.13,4,4030743.74
396,11,17,DEBIT,241,1772041.67,0,0.0
396,11,17,PAYMENT,10605,207200648.37,0,0.0
396,11,17,TRANSFER,2903,2496481786.09,4,4030743.74
397,12,17,CASH_IN,6817,1281324964.24,0,0.0
397,12,17,CASH_OUT,11380,2153428888.44,5,2838513.16
397,12,17,DEBIT,174,662111.67,0,0.0
397,12,17,PAYMENT,9413,187094929.91,0,0.0
397,12,17,TRANSFER,2564,2293001615.51,5,2838513.16
398,13,17,CASH_IN,6154,1091755313.47,0,0.0
398,13,17,CASH_OUT,9825,1851391659.7,13,46236745.99
398,13,17,DEBIT,147,329289.22,0,0.0
398,13,17,PAYMENT,8126,142775254.55,0,0.0
398,13,17,TRANSFER,2404,1938339685.67,13,46236745.99
399,14,17,CASH_IN,6905,1267774310.19,0,0.0
399,14,17,CASH_OUT,11127,2029922307.26,6,3302632.67
399,14,17,DEBIT,168,401318.22,0,0.0
399,14,17,PAYMENT,9383,181910036.45,0,0.0
399,14,17,TRANSFER,2640,2437451252.95,6,3302632.67
400,15,17,CASH_IN,6866,1246856964.5,0,0.0
400,15,17,CASH_OUT,11692,2085865107.38,8,12210700.42
400,15,17,DEBIT,182,485152.93,0,0.0
400,15,17,PAYMENT,9469,178282615.86,0,0.0
400,15,17,TRANSFER,2701,2096715422.61,8,12210700.42
401,16,17,CASH_IN,7121,1247424448.45,0,0.0
401,16,17,CASH_OUT,12951,2212386105.51,8,14040825.18
401,16,17,DEBIT,172,476856.76,0,0.0
401,16,17,PAYMENT,10455,188790257.87,0,0.0
401,16,17,TRANSFER,2769,2069842440.53,8,14040825.18
402,17,17,CASH_IN,8737,1472839726.07,0,0.0
402,17,17,CASH_OUT,15792,2547992743.45,6,7110003.87
402,17,17,DEBIT,193,596500.7,0,0.0
402,17,17,PAYMENT,12138,167013069.22,0,0.0
402,17,17,TRANSFER,3358,2407943437.2,6,7110003.87
403,18,17,CASH_IN,9861,1619187364.52,0,0.0
403,18,17,CASH_OUT,17468,2590202390.16,8,6340935.87
403,18,17,DEBIT,206,911025.09,0,0.0
403,18,17,PAYMENT,14107,170074864.83,0,0.0
403,18,17,TRANSFER,3513,2366385513.35,8,6340935.87
404,19,17,CASH_IN,7697,1199492983.41,0,0.0
404,19,17,CASH_OUT,13389,1887919313.42,9,15490917.11
404,19,17,DEBIT,194,757889.56,0,0.0
404,19,17,PAYMENT,12686,141735009.67,0,0.0
404,19,17,TRANSFER,2760,1632159887.43,9,15490917.11
405,20,17,CASH_IN,3473,546033767.58,0,0.0
405,20,17,CASH_OUT,4797,706166058.57,5,13855823.8
405,20,17,DEBIT,113,394375.5,0,0.0
405,20,17,PAYMENT,6908,85226296.46,0,0.0
405,20,17,TRANSFER,1313,914941085.8,5,13855823.8
406,21,17,CASH_IN,2342,369486077.68,0,0.0
406,21,17,CASH_OUT,2846,483768403.14,12,22665217.61
406,21,17,DEBIT,137,657788.6,0,0.0
406,21,17,PAYMENT,5661,82078321.72,0,0.0
406,21,17,TRANSFER,1037,801117038.04,12,22665217.61
407,22,17,CASH_IN,1371,231874712.94,0,0.0
407,22,17,CASH_OUT,1581,248393099.52,3,2446362.05
407,22,17,DEBIT,145,406372.5,0,0.0
407,22,17,PAYMENT,4200,53059723.82,0,0.0
407,22,17,TRANSFER,640,437160198.3,3,2446362.05
408,23,17,CASH_IN,1420,230777873.84,0,0.0
408,23,17,CASH_OUT,1372,249130936.39,5,4213482.75
408,23,17,DEBIT,213,671100.3,0,0.0
408,23,17,PAYMENT,4551,45817910.05,0,0.0
408,23,17,TRANSFER,700,492972380.79,5,4213482.75
409,0,18,CASH_IN,106,19184196.64,0,0.0
409,0,18,CASH_OUT,75,47208561.2,10,37272379.660000004
409,0,18,DEBIT,24,22546.61,0,0.0
409,0,18,PAYMENT,243,2685411.66,0,0.0
409,0,18,TRANSFER,35,55148887.52,10,37272379.660000004
410,1,18,CASH_OUT,10,14407957.9,10,14407957.9
410,1,18,TRANSFER,10,14407957.9,10,14407957.9
411,2,18,CASH_OUT,8,22217233.63,8,22217233.63
411,2,18,TRANSFER,8,22217233.63,8,22217233.63
412,3,18,CASH_OUT,4,3465744.27,4,3465744.27
412,3,18,TRANSFER,4,3465744.27,4,3465744.27
413,4,18,CASH_IN,69,10461219.27,0,0.0
413,4,18,CASH_OUT,60,19483295.26,7,10359055.09
413,4,18,DEBIT,3,2558.42,0,0.0
413,4,18,PAYMENT,136,661666.74,0,0.0
413,4,18,TRANSFER,21,25426894.35,7,10359055.09
414,5,18,CASH_OUT,8,20197673.02,8,20197673.02
414,5,18,TRANSFER,8,20197673.02,8,20197673.02
415,6,18,CASH_OUT,8,5869433.38,8,5869433.38
415,6,18,TRANSFER,8,5869433.38,8,5869433.38
416,7,18,CASH_IN,443,69853425.59,0,0.0
416,7,18,CASH_OUT,563,108505227.54,4,13126051.98
416,7,18,DEBIT,23,58817.5,0,0.0
416,7,18,PAYMENT,946,11256126.67,0,0.0
416,7,18,TRANSFER,207,155494421.24,4,13126051.98
417,8,18,CASH_OUT,3,3316259.64,3,3316259.64
417,8,18,TRANSFER,3,3316259.64,3,3316259.64
418,9,18,CASH_OUT,3,1379136.43,3,1379136.43
418,9,18,TRANSFER,3,1379136.43,3,1379136.43
419,10,18,CASH_IN,384,68822480.54,0,0.0
419,10,18,CASH_OUT,355,70305843.1,5,4288654.42
419,10,18,DEBIT,17,33717.33,0,0.0
419,10,18,PAYMENT,436,17139130.55,0,0.0
419,10,18,TRANSFER,65,37337405.53,5,4288654.42
420,11,18,CASH_IN,644,114983922.58,0,0.0
420,11,18,CASH_OUT,886,163370348.0,6,3107496.86
420,11,18,DEBIT,11,23297.38,0,0.0
420,11,18,PAYMENT,847,10413391.36,0,0.0
420,11,18,TRANSFER,232,227384723.88,6,3107496.86
421,12,18,CASH_OUT,7,27451623.69,7,27451623.69
421,12,18,TRANSFER,7,27451623.69,7,27451623.69
422,13,18,CASH_IN,400,77099904.58,0,0.0
422,13,18,CASH_OUT,351,75304564.61,5,5182182.74
422,13,18,DEBIT,9,21526.12,0,0.0
422,13,18,PAYMENT,416,10732257.21,0,0.0
422,13,18,TRANSFER,83,80748319.26,5,5182182.74
423,14,18,CASH_IN,223,43402091.73,0,0.0
423,14,18,CASH_OUT,216,47793526.18,3,4192173.6799999997
423,14,18,DEBIT,7,20869.12,0,0.0
423,14,18,PAYMENT,271,3121398.14,0,0.0
423,14,18,TRANSFER,49,27085557.94,3,4192173.6799999997
424,15,18,CASH_OUT,7,11795984.06,7,11795984.06
424,15,18,TRANSFER,7,11795984.06,7,11795984.06
425,16,18,CASH_OUT,14,45356715.43,14,45356715.43
425,16,18,TRANSFER,14,64941755.8,14,64941755.8
426,17,18,CASH_IN,1136,186280711.89,0,0.0
426,17,18,CASH_OUT,1770,300494106.85,1,99804.21
426,17,18,DEBIT,40,66555.02,0,0.0
426,17,18,PAYMENT,1616,20668383.99,0,0.0
426,17,18,TRANSFER,577,380870659.94,1,99804.21
427,18,18,CASH_OUT,7,11140046.81,7,11140046.81
427,18,18,TRANSFER,7,11140046.81,7,11140046.81
428,19,18,CASH_IN,775,114216788.44,0,0.0
428,19,18,CASH_OUT,914,126108245.0,3,3214764.9099999997
428,19,18,DEBIT,14,35198.83,0,0.0
428,19,18,PAYMENT,899,8508008.96,0,0.0
428,19,18,TRANSFER,190,120312966.79,3,3214764.9099999997
429,20,18,CASH_IN,616,89471794.18,0,0.0
429,20,18,CASH_OUT,636,87011972.4,2,1152904.5899999999
429,20,18,DEBIT,9,42757.01,0,0.0
429,20,18,PAYMENT,903,7507885.93,0,0.0
429,20,18,TRANSFER,193,122505058.67999999,2,1152904.5899999999
430,21,18,CASH_OUT,4,6678467.600000001,4,6678467.600000001
430,21,18,TRANSFER,4,6678467.600000001,4,6678467.600000001
431,22,18,CASH_IN,269,41081037.32,0,0.0
431,22,18,CASH_OUT,290,47266929.23,3,5210964.76
431,22,18,DEBIT,29,44957.74,0,0.0
431,22,18,PAYMENT,967,8382537.53,0,0.0
431,22,18,TRANSFER,130,79804069.7,3,5210964.76
432,23,18,CASH_OUT,2,2057775.74,2,2057775.74
432,23,18,TRANSFER,2,2057775.74,2,2057775.74
433,0,19,CASH_OUT,3,1870176.95,3,1870176.95
433,0,19,TRANSFER,3,1870176.95,3,1870176.95
434,1,19,CASH_OUT,4,7533189.7,4,7533189.7
434,1,19,TRANSFER,4,7533189.7,4,7533189.7
435,2,19,CASH_OUT,2,1509270.51,2,1509270.51
435,2,19,TRANSFER,2,1509270.51,2,1509270.51
436,3,19,CASH_IN,94,15991870.6,0,0.0
436,3,19,CASH_OUT,28,13793437.33,8,10604229.77
436,3,19,DEBIT,5,16736.8,0,0.0
436,3,19,PAYMENT,94,307600.6,0,0.0
436,3,19,TRANSFER,27,27134223.52,8,10604229.77
437,4,19,CASH_OUT,8,12023222.7,8,12023222.7
437,4,19,TRANSFER,8,12023222.7,8,12023222.7
438,5,19,CASH_OUT,6,6994170.15,6,6994170.15
438,5,19,TRANSFER,6,6994170.15,6,6994170.15
439,6,19,CASH_IN,204,34496249.82,0,0.0
439,6,19,CASH_OUT,80,20429450.77,6,8323851.7
439,6,19,DEBIT,11,23173.53,0,0.0
439,6,19,PAYMENT,547,3983341.29,0,0.0
439,6,19,TRANSFER,41,31246477.61,6,8323851.7
440,7,19,CASH_OUT,9,53212448.160000004,9,53212448.160000004
440,7,19,TRANSFER,9,53212448.160000004,9,53212448.160000004
441,8,19,CASH_OUT,5,8352478.2,5,8352478.2
441,8,19,TRANSFER,5,8352478.2,5,8352478.2
442,9,19,CASH_IN,350,53339446.5,0,0.0
442,9,19,CASH_OUT,299,46661571.75,6,4651044.73
442,9,19,DEBIT,6,37275.14,0,0.0
442,9,19,PAYMENT,478,4200441.22,0,0.0
442,9,19,TRANSFER,89,46035096.78,6,4651044.73
443,10,19,CASH_OUT,5,4941633.11,5,4941633.11
443,10,19,TRANSFER,5,4941633.11,5,4941633.11
444,11,19,CASH_OUT,10,27964990.5,10,27964990.5
444,11,19,TRANSFER,10,27964990.5,10,27964990.5
445,12,19,CASH_IN,2,431558.51,0,0.0
445,12,19,CASH_OUT,26,5243497.83,3,2451196.91
445,12,19,PAYMENT,9,103490.34999999999,0,0.0
445,12,19,TRANSFER,27,14825556.39,3,2451196.91
446,13,19,CASH_OUT,6,11623602.88,6,11623602.88
446,13,19,TRANSFER,6,11623602.88,6,11623602.88
447,14,19,CASH_OUT,5,8513564.76,5,8513564.76
447,14,19,TRANSFER,5,8513564.76,5,8513564.76
448,15,19,CASH_IN,624,93932818.0,0,0.0
448,15,19,CASH_OUT,832,127248818.17,3,816183.7799999999
448,15,19,DEBIT,17,48053.48,0,0.0
448,15,19,PAYMENT,849,12615097.08,0,0.0
448,15,19,TRANSFER,226,148411030.29,3,816183.7799999999
449,16,19,CASH_IN,283,46715968.7,0,0.0
449,16,19,CASH_OUT,349,61736575.99,3,2266298.89
449,16,19,DEBIT,3,4746.69,0,0.0
449,16,19,PAYMENT,460,5528909.07,0,0.0
449,16,19,TRANSFER,99,54263136.2,3,2266298.89
450,17,19,CASH_OUT,8,21451634.05,8,21451634.05
450,17,19,TRANSFER,8,21451634.05,8,21451634.05
451,18,19,CASH_IN,845,129061157.9,0,0.0
451,18,19,CASH_OUT,1340,183626672.04,2,484958.67
451,18,19,DEBIT,16,23593.61,0,0.0
451,18,19,PAYMENT,1252,12090890.16,0,0.0
451,18,19,TRANSFER,298,199125721.2,2,484958.67
452,19,19,CASH_IN,144,21578068.83,0,0.0
452,19,19,CASH_OUT,72,21786871.49,5,9631142.38
452,19,19,DEBIT,2,4402.610000000001,0,0.0
452,19,19,PAYMENT,70,718020.54,0,0.0
452,19,19,TRANSFER,20,18582319.55,5,9631142.38
453,20,19,CASH_IN,5,578204.52,0,0.0
453,20,19,CASH_OUT,19,6059078.63,4,4317510.81
453,20,19,DEBIT,1,2615.96,0,0.0
453,20,19,PAYMENT,22,252638.78,0,0.0
453,20,19,TRANSFER,12,13233241.37,4,4317510.81
454,21,19,CASH_OUT,10,2514864.17,3,1855463.7999999998
454,21,19,PAYMENT,16,111806.91,0,0.0
454,21,19,TRANSFER,13,10692087.26,3,1855463.7999999998
455,22,19,CASH_IN,158,24050379.9,0,0.0
455,22,19,CASH_OUT,95,17403363.63,5,2996846.9699999997
455,22,19,DEBIT,5,12215.29,0,0.0
455,22,19,PAYMENT,505,6312271.75,0,0.0
455,22,19,TRANSFER,61,36338679.97,5,2996846.9699999997
456,23,19,CASH_OUT,9,15974981.86,9,15974981.86
456,23,19,TRANSFER,9,15974981.86,9,15974981.86
457,0,20,CASH_OUT,5,2498070.27,5,2498070.27
457,0,20,TRANSFER,5,2498070.27,5,2498070.27
458,1,20,CASH_IN,113,19452973.71,0,0.0
458,1,20,CASH_OUT,80,12714057.31,3,446504.78
458,1,20,DEBIT,20,17812.25,0,0.0
458,1,20,PAYMENT,208,1414575.83,0,0.0
458,1,20,TRANSFER,17,7139441.72,3,446504.78
459,2,20,CASH_OUT,4,1481050.98,4,1481050.98
459,2,20,TRANSFER,4,1481050.98,4,1481050.98
460,3,20,CASH_OUT,14,6770763.149999999,8,5689401.649999999
460,3,20,DEBIT,2,53614.75,0,0.0
460,3,20,PAYMENT,15,33804.35,0,0.0
460,3,20,TRANSFER,28,15031115.57,8,5689401.649999999
461,4,20,CASH_OUT,31,14428919.63,8,11050706.64
461,4,20,PAYMENT,25,72135.69,0,0.0
461,4,20,TRANSFER,27,24173179.61,8,11050706.64
462,5,20,CASH_OUT,8,6466965.28,8,6466965.28
462,5,20,TRANSFER,8,6466965.28,8,6466965.28
463,6,20,CASH_OUT,5,7787845.88,5,7787845.88
463,6,20,TRANSFER,5,7787845.88,5,7787845.88
464,7,20,CASH_OUT,8,9823924.94,8,9823924.94
464,7,20,TRANSFER,8,9823924.94,8,9823924.94
465,8,20,CASH_OUT,6,10097910.75,6,10097910.75
465,8,20,TRANSFER,6,10097910.75,6,10097910.75
466,9,20,CASH_IN,238,42259435.71,0,0.0
466,9,20,CASH_OUT,272,52926167.27,3,4699738.64
466,9,20,DEBIT,4,10970.119999999999,0,0.0
466,9,20,PAYMENT,393,6199800.12,0,0.0
466,9,20,TRANSFER,77,64144051.11,3,4699738.64
467,10,20,CASH_OUT,6,3336949.13,6,3336949.13
467,10,20,TRANSFER,6,3336949.13,6,3336949.13
468,11,20,CASH_OUT,6,4213878.19,6,4213878.19
468,11,20,TRANSFER,6,4213878.19,6,4213878.19
469,12,20,CASH_IN,1222,230903038.38,0,0.0
469,12,20,CASH_OUT,2189,422765449.24,4,21146825.44
469,12,20,DEBIT,28,78772.59999999999,0,0.0
469,12,20,PAYMENT,2000,25602107.25,0,0.0
469,12,20,TRANSFER,577,449198982.98,4,21146825.44
470,13,20,CASH_OUT,6,6964930.850000001,6,6964930.850000001
470,13,20,TRANSFER,6,6964930.850000001,6,6964930.850000001
471,14,20,CASH_IN,676,120664657.5,0,0.0
471,14,20,CASH_OUT,872,160214958.71,1,504344.93
471,14,20,DEBIT,13,20837.64,0,0.0
471,14,20,PAYMENT,834,11724731.06,0,0.0
471,14,20,TRANSFER,225,186440757.34,1,504344.93
472,15,20,CASH_IN,5,1118611.0,0,0.0
472,15,20,CASH_OUT,39,10269274.08,4,4044095.48
472,15,20,DEBIT,1,364.98,0,0.0
472,15,20,PAYMENT,13,451513.7,0,0.0
472,15,20,TRANSFER,26,38737275.53,4,4044095.48
473,16,20,CASH_OUT,5,711566.78,5,711566.78
473,16,20,TRANSFER,5,711566.78,5,711566.78
474,17,20,CASH_IN,769,135607395.79,0,0.0
474,17,20,CASH_OUT,897,170154826.46,4,2902184.32
474,17,20,DEBIT,11,14795.34,0,0.0
474,17,20,PAYMENT,787,7631175.06,0,0.0
474,17,20,TRANSFER,264,264930530.97,4,2902184.32
475,18,20,CASH_OUT,7,2083918.73,7,2083918.73
475,18,20,TRANSFER,7,2083918.73,7,2083918.73
476,19,20,CASH_IN,762,127181506.57000001,0,0.0
476,19,20,CASH_OUT,1283,179298708.56,4,1653424.01
476,19,20,DEBIT,23,46152.6,0,0.0
476,19,20,PAYMENT,1303,14899309.86,0,0.0
476,19,20,TRANSFER,384,271980257.32,4,1653424.01
477,20,20,CASH_OUT,5,19160596.38,5,19160596.38
477,20,20,TRANSFER,5,19160596.38,5,19160596.38
478,21,20,CASH_IN,399,65717359.39,0,0.0
478,21,20,CASH_OUT,348,44459241.62,3,3135188.08
478,21,20,DEBIT,24,24210.76,0,0.0
478,21,20,PAYMENT,948,9118794.16,0,0.0
478,21,20,TRANSFER,189,130311526.32,3,3135188.08
479,22,20,CASH_IN,182,25797654.41,0,0.0
479,22,20,CASH_OUT,92,18910268.87,2,7469012.67
479,22,20,DEBIT,12,20992.95,0,0.0
479,22,20,PAYMENT,555,4455536.9,0,0.0
479,22,20,TRANSFER,63,49578349.3,2,7469012.67
480,23,20,CASH_OUT,3,972629.55,3,972629.55
480,23,20,TRANSFER,3,972629.55,3,972629.55
481,0,21,CASH_OUT,7,3738033.8000000003,7,3738033.8000000003
481,0,21,TRANSFER,7,3738033.8000000003,7,3738033.8000000003
482,1,21,CASH_OUT,8,3809126.8800000004,8,3809126.8800000004
482,1,21,TRANSFER,8,3809126.8800000004,8,3809126.8800000004
483,2,21,CASH_IN,120,19142231.55,0,0.0
483,2,21,CASH_OUT,54,19702915.72,4,11613790.48
483,2,21,DEBIT,3,3018.2,0,0.0
483,2,21,PAYMENT,112,415786.2,0,0.0
483,2,21,TRANSFER,28,24673840.21,4,11613790.48
484,3,21,CASH_OUT,3,250567.61,3,250567.61
484,3,21,TRANSFER,3,250567.61,3,250567.61
485,4,21,CASH_OUT,6,8335194.9399999995,6,8335194.9399999995
485,4,21,TRANSFER,6,8335194.9399999995,6,8335194.9399999995
486,5,21,CASH_OUT,4,6153925.75,4,6153925.75
486,5,21,TRANSFER,4,6153925.75,4,6153925.75
487,6,21,CASH_IN,191,32664607.46,0,0.0
487,6,21,CASH_OUT,100,19217568.97,7,6032599.7299999995
487,6,21,DEBIT,19,63303.04,0,0.0
487,6,21,PAYMENT,502,3105562.55,0,0.0
487,6,21,TRANSFER,100,57767840.01,7,6032599.7299999995
488,7,21,CASH_OUT,4,5767824.43,4,5767824.43
488,7,21,TRANSFER,4,5767824.43,4,5767824.43
489,8,21,CASH_OUT,7,10030303.11,7,10030303.11
489,8,21,TRANSFER,7,10030303.11,7,10030303.11
490,9,21,CASH_IN,933,172318768.05,0,0.0
490,9,21,CASH_OUT,1286,236819466.39,5,8146262.51
490,9,21,DEBIT,19,2730005.44,0,0.0
490,9,21,PAYMENT,1210,19261857.96,0,0.0
490,9,21,TRANSFER,372,339782033.83,5,8146262.51
491,10,21,CASH_OUT,6,4824577.7,6,4824577.7
491,10,21,TRANSFER,6,4824577.7,6,4824577.7
492,11,21,CASH_IN,1169,218540082.65,0,0.0
492,11,21,CASH_OUT,1641,315396021.85,3,4207716.1
492,11,21,DEBIT,24,63462.72,0,0.0
492,11,21,PAYMENT,1712,37693042.17,0,0.0
492,11,21,TRANSFER,573,601129855.74,3,4207716.1
493,12,21,CASH_IN,466,83016185.4,0,0.0
493,12,21,CASH_OUT,627,117810606.27,4,2531801.63
493,12,21,DEBIT,3,12267.76,0,0.0
493,12,21,PAYMENT,557,8012304.79,0,0.0
493,12,21,TRANSFER,166,213489173.92,4,2531801.63
494,13,21,CASH_OUT,4,11328256.49,4,11328256.49
494,13,21,TRANSFER,4,11328256.49,4,11328256.49
495,14,21,CASH_IN,794,132783773.81,0,0.0
495,14,21,CASH_OUT,1165,205008990.6,8,5143523.74
495,14,21,DEBIT,5,11626.98,0,0.0
495,14,21,PAYMENT,967,13016344.62,0,0.0
495,14,21,TRANSFER,325,371872550.39,8,5143523.74
496,15,21,CASH_IN,219,39291294.56,0,0.0
496,15,21,CASH_OUT,244,46269557.04,3,971048.5099999999
496,15,21,DEBIT,6,13582.1,0,0.0
496,15,21,PAYMENT,301,3894583.15,0,0.0
496,15,21,TRANSFER,103,72881101.75,3,971048.5099999999
497,16,21,CASH_OUT,10,22098402.16,10,22098402.16
497,16,21,TRANSFER,10,22098402.16,10,22098402.16
498,17,21,CASH_OUT,6,21067471.400000002,6,21067471.400000002
498,17,21,TRANSFER,6,21067471.400000002,6,21067471.400000002
499,18,21,CASH_OUT,5,1911747.45,5,1911747.45
499,18,21,TRANSFER,5,1911747.45,5,1911747.45
500,19,21,CASH_IN,1296,190668980.46,0,0.0
500,19,21,CASH_OUT,1981,268969127.77,2,952802.87
500,19,21,DEBIT,18,22622.32,0,0.0
500,19,21,PAYMENT,2194,24498942.61,0,0.0
500,19,21,TRANSFER,619,397046359.67,2,952802.87
501,20,21,CASH_OUT,14,39807336.24,14,39807336.24
501,20,21,TRANSFER,14,39807336.24,14,39807336.24
502,21,21,CASH_IN,118,18730360.32,0,0.0
502,21,21,CASH_OUT,83,18182898.48,6,7852922.21
502,21,21,DEBIT,1,1615.88,0,0.0
502,21,21,PAYMENT,86,673252.1900000001,0,0.0
502,21,21,TRANSFER,25,19116487.62,6,7852922.21
503,22,21,CASH_IN,328,50917981.04,0,0.0
503,22,21,CASH_OUT,297,44042268.94,5,3016316.1300000004
503,22,21,DEBIT,14,16871.66,0,0.0
503,22,21,PAYMENT,1098,8628692.83,0,0.0
503,22,21,TRANSFER,141,82744595.2,5,3016316.1300000004
504,23,21,CASH_OUT,5,5019757.44,5,5019757.44
504,23,21,TRANSFER,5,5019757.44,5,5019757.44
505,0,22,CASH_IN,155,26357358.83,0,0.0
505,0,22,CASH_OUT,109,26694226.21,4,10529359.379999999
505,0,22,DEBIT,32,35319.9,0,0.0
505,0,22,PAYMENT,565,5192031.52,0,0.0
505,0,22,TRANSFER,75,40324113.15,4,10529359.379999999
506,1,22,CASH_OUT,4,18664902.51,4,18664902.51
506,1,22,TRANSFER,4,18664902.51,4,18664902.51
507,2,22,CASH_OUT,7,21053603.61,7,21053603.61
507,2,22,TRANSFER,7,21053603.61,7,21053603.61
508,3,22,CASH_OUT,3,953634.0800000001,3,953634.0800000001
508,3,22,TRANSFER,3,953634.0800000001,3,953634.0800000001
509,4,22,CASH_IN,102,17259447.580000002,0,0.0
509,4,22,CASH_OUT,63,15327134.19,7,5662351.6
509,4,22,DEBIT,2,1848.8400000000001,0,0.0
509,4,22,PAYMENT,98,483234.72000000003,0,0.0
509,4,22,TRANSFER,23,15828205.74,7,5662351.6
510,5,22,CASH_OUT,5,8175986.06,5,8175986.06
510,5,22,TRANSFER,5,8175986.06,5,8175986.06
511,6,22,CASH_OUT,3,1520491.91,3,1520491.91
511,6,22,TRANSFER,3,1520491.91,3,1520491.91
512,7,22,CASH_OUT,6,12271274.42,6,12271274.42
512,7,22,TRANSFER,6,12271274.42,6,12271274.42
513,8,22,CASH_OUT,5,2176405.17,5,2176405.17
513,8,22,TRANSFER,5,2176405.17,5,2176405.17
514,9,22,CASH_IN,2082,354774220.23,0,0.0
514,9,22,CASH_OUT,2734,541214297.75,7,20374205.87
514,9,22,DEBIT,66,344456.45,0,0.0
514,9,22,PAYMENT,2975,43403584.15,0,0.0
514,9,22,TRANSFER,876,1059536594.07,7,20374205.87
515,10,22,CASH_OUT,3,427481.49,3,427481.49
515,10,22,TRANSFER,3,427481.49,3,427481.49
516,11,22,CASH_OUT,7,24658015.28,7,24658015.28
516,11,22,TRANSFER,7,24658015.28,7,24658015.28
517,12,22,CASH_IN,359,59046964.02,0,0.0
517,12,22,CASH_OUT,435,82858549.81,3,6248451.03
517,12,22,DEBIT,7,16271.21,0,0.0
517,12,22,PAYMENT,484,9282711.9,0,0.0
517,12,22,TRANSFER,106,81895218.39,3,6248451.03
518,13,22,CASH_IN,853,157420080.4,0,0.0
518,13,22,CASH_OUT,1215,209789186.09,4,1525237.21
518,13,22,DEBIT,22,67324.39,0,0.0
518,13,22,PAYMENT,1080,14569099.6,0,0.0
518,13,22,TRANSFER,318,268077167.38,4,1525237.21
519,14,22,CASH_OUT,6,2931460.91,6,2931460.91
519,14,22,TRANSFER,6,2931460.91,6,2931460.91
520,15,22,CASH_IN,736,130194004.36,0,0.0
520,15,22,CASH_OUT,1051,199570845.24,6,13796866.530000001
520,15,22,DEBIT,18,50768.15,0,0.0
520,15,22,PAYMENT,969,13910356.67,0,0.0
520,15,22,TRANSFER,263,245641444.84,6,13796866.530000001
521,16,22,CASH_OUT,7,5972994.87,7,5972994.87
521,16,22,TRANSFER,7,5972994.87,7,5972994.87
522,17,22,CASH_IN,4101,685214049.14,0,0.0
522,17,22,CASH_OUT,7084,1132326452.89,7,4223491.66
522,17,22,DEBIT,121,428765.04,0,0.0
522,17,22,PAYMENT,5740,79384252.74,0,0.0
522,17,22,TRANSFER,1585,1773372867.27,7,4223491.66
523,18,22,CASH_OUT,15,34770071.2,15,34770071.2
523,18,22,TRANSFER,15,34770071.2,15,34770071.2
524,19,22,CASH_IN,693,104104823.15,0,0.0
524,19,22,CASH_OUT,776,113705764.17,2,588539.69
524,19,22,DEBIT,18,27022.41,0,0.0
524,19,22,PAYMENT,929,17725498.54,0,0.0
524,19,22,TRANSFER,248,132220950.47,2,588539.69
525,20,22,CASH_IN,1714,252914745.97,0,0.0
525,20,22,CASH_OUT,2066,297378767.74,1,203280.85
525,20,22,DEBIT,127,363038.94,0,0.0
525,20,22,PAYMENT,3418,72293590.29,0,0.0
525,20,22,TRANSFER,698,333520429.58,1,203280.85
526,21,22,CASH_IN,533,81843755.51,0,0.0
526,21,22,CASH_OUT,529,74411415.96,6,1914316.22
526,21,22,DEBIT,42,228736.79,0,0.0
526,21,22,PAYMENT,1123,10501510.28,0,0.0
526,21,22,TRANSFER,243,105774847.88,6,1914316.22
527,22,22,CASH_IN,518,81400430.73,0,0.0
527,22,22,CASH_OUT,483,76523861.95,3,1179830.72
527,22,22,DEBIT,39,125195.17,0,0.0
527,22,22,PAYMENT,1434,12152277.64,0,0.0
527,22,22,TRANSFER,223,105697166.47,3,1179830.72
528,23,22,CASH_IN,159,27322788.02,0,0.0
528,23,22,CASH_OUT,116,22521246.41,7,4587068.8
528,23,22,DEBIT,28,32960.89,0,0.0
528,23,22,PAYMENT,566,4889882.49,0,0.0
528,23,22,TRANSFER,68,30552814.93,7,4587068.8
529,0,23,CASH_OUT,20,7376005.61,3,4852030.86
529,0,23,PAYMENT,5,9889.65,0,0.0
529,0,23,TRANSFER,8,7856011.26,3,4852030.86
530,1,23,CASH_IN,121,19525535.74,0,0.0
530,1,23,CASH_OUT,83,14347933.71,4,954742.73
530,1,23,DEBIT,28,48915.72,0,0.0
530,1,23,PAYMENT,137,952670.37,0,0.0
530,1,23,TRANSFER,40,19894310.27,4,954742.73
531,2,23,CASH_IN,94,16469938.07,0,0.0
531,2,23,CASH_OUT,42,18473772.49,7,12134398.69
531,2,23,DEBIT,13,12346.84,0,0.0
531,2,23,PAYMENT,75,590653.33,0,0.0
531,2,23,TRANSFER,26,22223817.74,7,12134398.69
532,3,23,CASH_OUT,32,5617740.68,3,1076863.6
532,3,23,DEBIT,3,4364.58,0,0.0
532,3,23,PAYMENT,46,342824.16,0,0.0
532,3,23,TRANSFER,14,7961879.630000001,3,1076863.6
533,4,23,CASH_OUT,6,6534721.930000001,6,6534721.930000001
533,4,23,TRANSFER,6,6534721.930000001,6,6534721.930000001
534,5,23,CASH_IN,135,23788306.9,0,0.0
534,5,23,CASH_OUT,74,16045754.4,6,3671356.56
534,5,23,DEBIT,12,9638.17,0,0.0
534,5,23,PAYMENT,286,2435929.71,0,0.0
534,5,23,TRANSFER,24,9735085.95,6,3671356.56
535,6,23,CASH_OUT,3,1267552.8299999998,3,1267552.8299999998
535,6,23,TRANSFER,3,1267552.8299999998,3,1267552.8299999998
536,7,23,CASH_OUT,6,3671372.15,6,3671372.15
536,7,23,TRANSFER,6,3671372.15,6,3671372.15
537,8,23,CASH_OUT,9,3595581.3699999996,9,3595581.3699999996
537,8,23,TRANSFER,9,3595581.3699999996,9,3595581.3699999996
538,9,23,CASH_IN,858,140715140.83,0,0.0
538,9,23,CASH_OUT,1085,196853163.47,5,5022200.4399999995
538,9,23,DEBIT,13,61994.979999999996,0,0.0
538,9,23,PAYMENT,886,11187003.57,0,0.0
538,9,23,TRANSFER,278,455106295.4,5,5022200.4399999995
539,10,23,CASH_OUT,2,278483.07,2,278483.07
539,10,23,TRANSFER,2,278483.07,2,278483.07
540,11,23,CASH_IN,1076,199608562.64000002,0,0.0
540,11,23,CASH_OUT,1706,314101935.38,3,6039624.64
540,11,23,DEBIT,43,253719.73,0,0.0
540,11,23,PAYMENT,2048,29134643.87,0,0.0
540,11,23,TRANSFER,603,526529591.45,3,6039624.64
541,12,23,CASH_OUT,6,21655332.04,6,21655332.04
541,12,23,TRANSFER,6,21655332.04,6,21655332.04
542,13,23,CASH_IN,1013,163007445.38,0,0.0
542,13,23,CASH_OUT,1518,270813891.16,5,14602169.38
542,13,23,DEBIT,15,33249.79,0,0.0
542,13,23,PAYMENT,1432,24248200.48,0,0.0
542,13,23,TRANSFER,497,305794298.21,5,14602169.38
543,14,23,CASH_OUT,3,2690258.9,3,2690258.9
543,14,23,TRANSFER,3,2690258.9,3,2690258.9
544,15,23,CASH_IN,2341,405208040.84,0,0.0
544,15,23,CASH_OUT,3193,562478083.23,3,618139.28
544,15,23,DEBIT,79,427195.32,0,0.0
544,15,23,PAYMENT,2920,53928411.28,0,0.0
544,15,23,TRANSFER,825,622860482.64,3,618139.28
545,16,23,CASH_IN,819,151686325.94,0,0.0
545,16,23,CASH_OUT,1271,202170575.26,0,0.0
545,16,23,DEBIT,16,152299.38,0,0.0
545,16,23,PAYMENT,1125,22438409.23,0,0.0
545,16,23,TRANSFER,331,168613053.14,0,0.0
546,17,23,CASH_IN,1779,321091851.1,0,0.0
546,17,23,CASH_OUT,2833,449152026.73,5,2397915.49
546,17,23,DEBIT,31,102702.32,0,0.0
546,17,23,PAYMENT,2449,29279365.06,0,0.0
546,17,23,TRANSFER,679,369797780.13,5,2397915.49
547,18,23,CASH_IN,598,102858506.48,0,0.0
547,18,23,CASH_OUT,786,115350154.92,4,2217494.98
547,18,23,DEBIT,5,28190.579999999998,0,0.0
547,18,23,PAYMENT,624,7038402.76,0,0.0
547,18,23,TRANSFER,248,134441152.48,4,2217494.98
548,19,23,CASH_IN,1167,177293908.02,0,0.0
548,19,23,CASH_OUT,1903,260377903.1,1,126431.61
548,19,23,DEBIT,34,324087.49,0,0.0
548,19,23,PAYMENT,2148,22469534.11,0,0.0
548,19,23,TRANSFER,437,242852724.85999998,1,126431.61
549,20,23,CASH_IN,184,24542643.52,0,0.0
549,20,23,CASH_OUT,132,20026220.080000002,6,3809671.08
549,20,23,DEBIT,10,19708.29,0,0.0
549,20,23,PAYMENT,288,2908995.21,0,0.0
549,20,23,TRANSFER,28,14044297.780000001,6,3809671.08
550,21,23,CASH_IN,824,133809968.33,0,0.0
550,21,23,CASH_OUT,1099,164860699.63,4,2062313.83
550,21,23,DEBIT,68,197792.45,0,0.0
550,21,23,PAYMENT,2402,22357888.18,0,0.0
550,21,23,TRANSFER,411,231085946.89000002,4,2062313.83
551,22,23,CASH_IN,177,33926063.37,0,0.0
551,22,23,CASH_OUT,164,32105545.22,9,8942265.64
551,22,23,DEBIT,18,24676.25,0,0.0
551,22,23,PAYMENT,532,3551527.29,0,0.0
551,22,23,TRANSFER,58,28966167.49,9,8942265.64
552,23,23,CASH_IN,366,63465425.05,0,0.0
552,23,23,CASH_OUT,156,27250619.87,5,1473764.9
552,23,23,DEBIT,21,22356.32,0,0.0
552,23,23,PAYMENT,858,7323357.27,0,0.0
552,23,23,TRANSFER,116,51275867.16,5,1473764.9
553,0,24,CASH_OUT,4,2338708.5,4,2338708.5
553,0,24,TRANSFER,4,2338708.5,4,2338708.5
554,1,24,CASH_OUT,9,41150209.07,9,41150209.07
554,1,24,TRANSFER,9,44726506.17,9,44726506.17
555,2,24,CASH_IN,50,7896760.21,0,0.0
555,2,24,CASH_OUT,19,6518500.77,3,3360921.17
555,2,24,DEBIT,4,3167.09,0,0.0
555,2,24,PAYMENT,59,269343.01,0,0.0
555,2,24,TRANSFER,12,8362436.0600000005,3,3360921.17
556,3,24,CASH_OUT,3,1560439.41,3,1560439.41
556,3,24,TRANSFER,3,1560439.41,3,1560439.41
557,4,24,CASH_OUT,10,9671781.55,10,9671781.55
557,4,24,TRANSFER,10,9671781.55,10,9671781.55
558,5,24,CASH_OUT,7,4236340.109999999,7,4236340.109999999
558,5,24,TRANSFER,7,4236340.109999999,7,4236340.109999999
559,6,24,CASH_OUT,5,4307218.12,5,4307218.12
559,6,24,TRANSFER,5,4307218.12,5,4307218.12
560,7,24,CASH_OUT,5,2235609.2199999997,5,2235609.2199999997
560,7,24,TRANSFER,5,2235609.2199999997,5,2235609.2199999997
561,8,24,CASH_OUT,8,8655534.43,8,8655534.43
561,8,24,TRANSFER,8,8655534.43,8,8655534.43
562,9,24,CASH_OUT,5,17051807.31,5,17051807.31
562,9,24,TRANSFER,5,17051807.31,5,17051807.31
563,10,24,CASH_IN,855,157370945.7,0,0.0
563,10,24,CASH_OUT,1102,201297539.13,9,10398371.94
563,10,24,DEBIT,14,28904.7,0,0.0
563,10,24,PAYMENT,980,11062782.99,0,0.0
563,10,24,TRANSFER,333,311140486.89,9,10398371.94
564,11,24,CASH_IN,910,164509836.23,0,0.0
564,11,24,CASH_OUT,1216,244637921.63,8,13116074.1
564,11,24,DEBIT,18,568555.19,0,0.0
564,11,24,PAYMENT,1062,13514383.76,0,0.0
564,11,24,TRANSFER,340,170108501.04,8,13116074.1
565,12,24,CASH_IN,1085,193580856.89,0,0.0
565,12,24,CASH_OUT,2026,403618545.85,6,2983507.32
565,12,24,DEBIT,32,120182.37999999999,0,0.0
565,12,24,PAYMENT,1792,25576402.34,0,0.0
565,12,24,TRANSFER,490,306524906.29,6,2983507.32
566,13,24,CASH_IN,350,62876754.22,0,0.0
566,13,24,CASH_OUT,457,86562925.51,3,2297045.22
566,13,24,DEBIT,6,7140.4400000000005,0,0.0
566,13,24,PAYMENT,512,7538916.52,0,0.0
566,13,24,TRANSFER,96,53449007.72,3,2297045.22
567,14,24,CASH_IN,935,181519467.05,0,0.0
567,14,24,CASH_OUT,1575,311890841.58,5,4035041.04
567,14,24,DEBIT,23,34505.69,0,0.0
567,14,24,PAYMENT,1427,15873143.37,0,0.0
567,14,24,TRANSFER,396,183114846.92,5,4035041.04
568,15,24,CASH_OUT,7,10506297.99,7,10506297.99
568,15,24,TRANSFER,7,10506297.99,7,10506297.99
569,16,24,CASH_IN,306,57918345.64,0,0.0
569,16,24,CASH_OUT,373,70322810.46,7,3507307.79
569,16,24,DEBIT,5,7538.13,0,0.0
569,16,24,PAYMENT,390,4484252.17,0,0.0
569,16,24,TRANSFER,108,63727444.81,7,3507307.79
570,17,24,CASH_IN,419,70371346.65,0,0.0
570,17,24,CASH_OUT,671,96875527.72,5,5091791.01
570,17,24,DEBIT,8,19211.71,0,0.0
570,17,24,PAYMENT,649,6373979.86,0,0.0
570,17,24,TRANSFER,218,116564458.0,5,5091791.01
571,18,24,CASH_IN,1024,170027322.09,0,0.0
571,18,24,CASH_OUT,1443,210681161.57,5,4607364.8
571,18,24,DEBIT,17,34657.03,0,0.0
571,18,24,PAYMENT,1356,10883788.99,0,0.0
571,18,24,TRANSFER,416,245446197.86,5,4607364.8
572,19,24,CASH_OUT,9,5630589.0,9,5630589.0
572,19,24,TRANSFER,9,5630589.0,9,5630589.0
573,20,24,CASH_IN,733,105995044.49,0,0.0
573,20,24,CASH_OUT,995,134711799.15,4,2377465.7399999998
573,20,24,DEBIT,29,98989.75,0,0.0
573,20,24,PAYMENT,1413,12278579.32,0,0.0
573,20,24,TRANSFER,317,136763661.8,4,2377465.7399999998
574,21,24,CASH_IN,576,96875686.68,0,0.0
574,21,24,CASH_OUT,636,86419864.66,2,114989.44
574,21,24,DEBIT,26,104231.0,0,0.0
574,21,24,PAYMENT,1157,10050859.31,0,0.0
574,21,24,TRANSFER,219,102345332.05,2,114989.44
575,22,24,CASH_OUT,4,2181204.79,4,2181204.79
575,22,24,TRANSFER,4,2181204.79,4,2181204.79
576,23,24,CASH_IN,174,28443314.81,0,0.0
576,23,24,CASH_OUT,87,15610865.57,7,4041853.25
576,23,24,DEBIT,14,57110.74,0,0.0
576,23,24,PAYMENT,525,3997764.26,0,0.0
576,23,24,TRANSFER,77,33811940.5,7,4041853.25
577,0,25,CASH_IN,104,19112147.24,0,0.0
577,0,25,CASH_OUT,58,12042884.75,6,3824731.5
577,0,25,DEBIT,18,49607.4,0,0.0
577,0,25,PAYMENT,152,658001.86,0,0.0
577,0,25,TRANSFER,32,13328429.82,6,3824731.5
578,1,25,CASH_IN,129,21032819.06,0,0.0
578,1,25,CASH_OUT,33,17115965.7,10,13736794.68
578,1,25,DEBIT,11,16673.64,0,0.0
578,1,25,PAYMENT,72,184034.71,0,0.0
578,1,25,TRANSFER,24,20672667.330000002,10,13736794.68
579,2,25,CASH_OUT,6,6695556.8100000005,6,6695556.8100000005
579,2,25,TRANSFER,6,6695556.8100000005,6,6695556.8100000005
580,3,25,CASH_OUT,18,7139080.59,5,4777941.53
580,3,25,PAYMENT,24,58267.15,0,0.0
580,3,25,TRANSFER,16,9617945.15,5,4777941.53
581,4,25,CASH_OUT,5,4054521.81,5,4054521.81
581,4,25,TRANSFER,5,4054521.81,5,4054521.81
582,5,25,CASH_IN,117,21382224.32,0,0.0
582,5,25,CASH_OUT,94,26090029.66,8,10922025.23
582,5,25,DEBIT,17,100401.42,0,0.0
582,5,25,PAYMENT,516,4238776.9,0,0.0
582,5,25,TRANSFER,31,16838255.81,8,10922025.23
583,6,25,CASH_OUT,8,6218599.95,8,6218599.95
583,6,25,TRANSFER,8,6218599.95,8,6218599.95
584,7,25,CASH_IN,82,12302594.8,0,0.0
584,7,25,CASH_OUT,81,15810745.11,4,3036470.83
584,7,25,DEBIT,1,2404.66,0,0.0
584,7,25,PAYMENT,95,555807.47,0,0.0
584,7,25,TRANSFER,22,13756305.89,4,3036470.83
585,8,25,CASH_IN,533,94829861.39,0,0.0
585,8,25,CASH_OUT,579,102534430.46,3,10055588.37
585,8,25,DEBIT,5,14560.16,0,0.0
585,8,25,PAYMENT,742,6244023.42,0,0.0
585,8,25,TRANSFER,188,96145191.05,3,10055588.37
586,9,25,CASH_IN,490,81069209.42,0,0.0
586,9,25,CASH_OUT,469,123277090.75,6,32827541.42
586,9,25,DEBIT,3,14139.03,0,0.0
586,9,25,PAYMENT,509,4636146.98,0,0.0
586,9,25,TRANSFER,110,108124235.93,6,33181415.64
587,10,25,CASH_IN,725,130957260.08,0,0.0
587,10,25,CASH_OUT,869,154100141.82,3,2523113.05
587,10,25,DEBIT,18,40416.58,0,0.0
587,10,25,PAYMENT,880,10612080.01,0,0.0
587,10,25,TRANSFER,248,247971328.94,3,2523113.05
588,11,25,CASH_IN,1069,186973959.63,0,0.0
588,11,25,CASH_OUT,1627,281827136.97,6,4089858.08
588,11,25,DEBIT,48,161463.71,0,0.0
588,11,25,PAYMENT,1699,26026285.37,0,0.0
588,11,25,TRANSFER,451,280269761.63,6,4089858.08
589,12,25,CASH_IN,1263,233065280.28,0,0.0
589,12,25,CASH_OUT,2254,387071270.27,1,164296.85
589,12,25,DEBIT,51,108144.17,0,0.0
589,12,25,PAYMENT,2054,39072889.56,0,0.0
589,12,25,TRANSFER,623,411281942.7,1,164296.85
590,13,25,CASH_IN,1330,237211547.8,0,0.0
590,13,25,CASH_OUT,2378,405325816.05,4,3597895.7199999997
590,13,25,DEBIT,50,138628.1,0,0.0
590,13,25,PAYMENT,2148,24147336.25,0,0.0
590,13,25,TRANSFER,678,474670957.29,4,3597895.7199999997
591,14,25,CASH_IN,1,319369.53,0,0.0
591,14,25,CASH_OUT,36,12381758.07,6,8489247.76
591,14,25,PAYMENT,7,94407.72,0,0.0
591,14,25,TRANSFER,13,10261983.51,6,8489247.76
592,15,25,CASH_IN,1330,215205111.31,0,0.0
592,15,25,CASH_OUT,2086,338626454.25,5,3953369.7399999998
592,15,25,DEBIT,43,89515.03,0,0.0
592,15,25,PAYMENT,1446,14632979.39,0,0.0
592,15,25,TRANSFER,468,330407310.65,5,3953369.7399999998
593,16,25,CASH_OUT,2,397923.34,2,397923.34
593,16,25,TRANSFER,2,397923.34,2,397923.34
594,17,25,CASH_IN,1596,260110447.95,0,0.0
594,17,25,CASH_OUT,2619,397102695.0,5,2563218.36
594,17,25,DEBIT,60,170586.54,0,0.0
594,17,25,PAYMENT,1741,16302015.26,0,0.0
594,17,25,TRANSFER,520,324391602.67,5,2563218.36
595,18,25,CASH_IN,1135,176995419.95,0,0.0
595,18,25,CASH_OUT,2061,279523348.33,6,4227354.3100000005
595,18,25,DEBIT,47,134706.66,0,0.0
595,18,25,PAYMENT,1708,15045657.33,0,0.0
595,18,25,TRANSFER,483,254011491.66,6,4227354.3100000005
596,19,25,CASH_IN,2055,316579074.12,0,0.0
596,19,25,CASH_OUT,2702,401916243.78,4,1216755.6199999999
596,19,25,DEBIT,81,188826.17,0,0.0
596,19,25,PAYMENT,3558,30739486.09,0,0.0
596,19,25,TRANSFER,923,709806348.16,4,1216755.6199999999
597,20,25,CASH_IN,635,94671848.63,0,0.0
597,20,25,CASH_OUT,624,95120812.08,3,1620334.96
597,20,25,DEBIT,12,24982.989999999998,0,0.0
597,20,25,PAYMENT,996,7800203.42,0,0.0
597,20,25,TRANSFER,219,136674147.23,3,1620334.96
598,21,25,CASH_IN,192,31779458.25,0,0.0
598,21,25,CASH_OUT,165,29263632.88,2,6020067.369999999
598,21,25,DEBIT,4,4020.69,0,0.0
598,21,25,PAYMENT,498,4029920.11,0,0.0
598,21,25,TRANSFER,75,36121146.98,2,6020067.369999999
599,22,25,CASH_IN,302,49083122.22,0,0.0
599,22,25,CASH_OUT,271,43832366.18,3,1005402.37
599,22,25,DEBIT,22,27396.75,0,0.0
599,22,25,PAYMENT,1026,7286453.03,0,0.0
599,22,25,TRANSFER,195,86154775.21,3,1005402.37
600,23,25,CASH_OUT,9,17907196.01,9,17907196.01
600,23,25,TRANSFER,9,17907196.01,9,17907196.01
601,0,26,CASH_IN,145,24836223.38,0,0.0
601,0,26,CASH_OUT,92,15450157.7,5,1735425.02
601,0,26,DEBIT,42,149008.87,0,0.0
601,0,26,PAYMENT,499,2979014.01,0,0.0
601,0,26,TRANSFER,87,43252508.38,5,1735425.02
602,1,26,CASH_OUT,4,2848992.11,4,2848992.11
602,1,26,TRANSFER,4,2848992.11,4,2848992.11
603,2,26,CASH_OUT,6,9659296.57,6,9659296.57
603,2,26,TRANSFER,6,9659296.57,6,9659296.57
604,3,26,CASH_OUT,4,5868050.66,4,5868050.66
604,3,26,TRANSFER,4,5868050.66,4,5868050.66
605,4,26,CASH_OUT,8,5209131.98,8,5209131.98
605,4,26,TRANSFER,8,5209131.98,8,5209131.98
606,5,26,CASH_OUT,7,14900890.4,7,14900890.4
606,5,26,TRANSFER,7,14900890.4,7,14900890.4
607,6,26,CASH_OUT,4,701345.63,4,701345.63
607,6,26,TRANSFER,4,701345.63,4,701345.63
608,7,26,CASH_IN,245,43637378.08,0,0.0
608,7,26,CASH_OUT,247,49819669.55,8,16679627.040000001
608,7,26,DEBIT,3,5286.68,0,0.0
608,7,26,PAYMENT,486,3944730.51,0,0.0
608,7,26,TRANSFER,101,55756378.58,8,16679627.040000001
609,8,26,CASH_OUT,4,981466.6499999999,4,981466.6499999999
609,8,26,TRANSFER,4,981466.6499999999,4,981466.6499999999
610,9,26,CASH_IN,317,48349463.21,0,0.0
610,9,26,CASH_OUT,319,57690372.47,6,2634544.23
610,9,26,DEBIT,11,56074.42,0,0.0
610,9,26,PAYMENT,455,3776846.93,0,0.0
610,9,26,TRANSFER,97,41822601.49,6,2634544.23
611,10,26,CASH_OUT,7,3507384.9,7,3507384.9
611,10,26,TRANSFER,7,3507384.9,7,3507384.9
612,11,26,CASH_IN,706,119674837.86,0,0.0
612,11,26,CASH_OUT,858,142831790.17,6,3638054.05
612,11,26,DEBIT,14,22677.670000000002,0,0.0
612,11,26,PAYMENT,848,10302967.71,0,0.0
612,11,26,TRANSFER,251,169995561.76,6,3638054.05
613,12,26,CASH_IN,1,73881.3,0,0.0
613,12,26,CASH_OUT,33,11968057.88,10,8488014.75
613,12,26,TRANSFER,11,8672113.94,10,8488014.75
614,13,26,CASH_IN,362,63424550.92,0,0.0
614,13,26,CASH_OUT,346,60073137.88,8,10650026.61
614,13,26,DEBIT,13,62070.41,0,0.0
614,13,26,PAYMENT,456,4997277.78,0,0.0
614,13,26,TRANSFER,101,47546703.93,8,10650026.61
615,14,26,CASH_OUT,4,9432148.07,4,9432148.07
615,14,26,TRANSFER,4,9432148.07,4,9432148.07
616,15,26,CASH_OUT,3,8596468.58,3,8596468.58
616,15,26,TRANSFER,3,8596468.58,3,8596468.58
617,16,26,CASH_IN,626,109840076.45,0,0.0
617,16,26,CASH_OUT,965,186682925.67,8,43032410.46
617,16,26,DEBIT,8,13636.56,0,0.0
617,16,26,PAYMENT,865,12499845.61,0,0.0
617,16,26,TRANSFER,216,182885515.27,8,45575074.73
618,17,26,CASH_OUT,4,2046691.04,4,2046691.04
618,17,26,TRANSFER,4,2046691.04,4,2046691.04
619,18,26,CASH_IN,664,97654850.85,0,0.0
619,18,26,CASH_OUT,1005,131493024.69,7,6231937.4799999995
619,18,26,DEBIT,17,29304.85,0,0.0
619,18,26,PAYMENT,886,8623979.09,0,0.0
619,18,26,TRANSFER,228,141930892.16,7,6231937.4799999995
620,19,26,CASH_OUT,4,735292.06,4,735292.06
620,19,26,TRANSFER,4,735292.06,4,735292.06
621,20,26,CASH_IN,223,32641403.07,0,0.0
621,20,26,CASH_OUT,280,59707329.94,9,24211268.64
621,20,26,DEBIT,2,920.44,0,0.0
621,20,26,PAYMENT,533,4435912.61,0,0.0
621,20,26,TRANSFER,83,70307031.84,9,24211268.64
622,21,26,CASH_OUT,2,833821.48,2,833821.48
622,21,26,TRANSFER,2,833821.48,2,833821.48
623,22,26,CASH_OUT,3,421336.07999999996,3,421336.07999999996
623,22,26,TRANSFER,3,421336.07999999996,3,421336.07999999996
624,23,26,CASH_OUT,5,13653540.67,5,13653540.67
624,23,26,TRANSFER,5,13653540.67,5,13653540.67
625,0,27,CASH_OUT,12,29593563.08,12,29593563.08
625,0,27,TRANSFER,12,29593563.08,12,29593563.08
626,1,27,CASH_OUT,3,132700.02,3,132700.02
626,1,27,TRANSFER,3,132700.02,3,132700.02
627,2,27,CASH_OUT,2,3709541.42,2,3709541.42
627,2,27,TRANSFER,2,3709541.42,2,3709541.42
628,3,27,CASH_OUT,3,1194322.81,3,1194322.81
628,3,27,TRANSFER,3,1194322.81,3,1194322.81
629,4,27,CASH_OUT,10,13650017.27,10,13650017.27
629,4,27,TRANSFER,10,13650017.27,10,13650017.27
630,5,27,CASH_IN,57,8716537.79,0,0.0
630,5,27,CASH_OUT,23,5364217.9799999995,2,745740.3200000001
630,5,27,DEBIT,1,399.34,0,0.0
630,5,27,PAYMENT,51,327467.7,0,0.0
630,5,27,TRANSFER,18,19223943.68,2,745740.3200000001
631,6,27,CASH_OUT,6,17161454.22,6,17161454.22
631,6,27,TRANSFER,6,17161454.22,6,17161454.22
632,7,27,CASH_OUT,4,1022503.0,4,1022503.0
632,7,27,TRANSFER,4,1022503.0,4,1022503.0
633,8,27,CASH_OUT,4,4734841.28,4,4734841.28
633,8,27,TRANSFER,4,4734841.28,4,4734841.28
634,9,27,CASH_OUT,5,9983668.049999999,5,9983668.049999999
634,9,27,TRANSFER,5,9983668.049999999,5,9983668.049999999
635,10,27,CASH_OUT,8,4878587.12,8,4878587.12
635,10,27,TRANSFER,8,4878587.12,8,4878587.12
636,11,27,CASH_OUT,6,3297438.8,6,3297438.8
636,11,27,TRANSFER,6,3297438.8,6,3297438.8
637,12,27,CASH_IN,839,146024793.23,0,0.0
637,12,27,CASH_OUT,1142,218987964.44,6,4753893.27
637,12,27,DEBIT,10,12487.300000000001,0,0.0
637,12,27,PAYMENT,1032,18987171.96,0,0.0
637,12,27,TRANSFER,367,211965171.66,6,4753893.27
638,13,27,CASH_OUT,7,15222545.41,7,15222545.41
638,13,27,TRANSFER,7,15222545.41,7,15222545.41
639,14,27,CASH_OUT,7,1916999.6300000001,7,1916999.6300000001
639,14,27,TRANSFER,7,1916999.6300000001,7,1916999.6300000001
640,15,27,CASH_IN,403,74311891.58,0,0.0
640,15,27,CASH_OUT,527,99964998.2,7,3368509.52
640,15,27,DEBIT,1,956.79,0,0.0
640,15,27,PAYMENT,395,3706544.59,0,0.0
640,15,27,TRANSFER,72,57476073.48,7,3368509.52
641,16,27,CASH_OUT,5,5742423.63,5,5742423.63
641,16,27,TRANSFER,5,5742423.63,5,5742423.63
642,17,27,CASH_IN,280,51093757.0,0,0.0
642,17,27,CASH_OUT,306,51323265.21,4,833667.41
642,17,27,DEBIT,5,4660.94,0,0.0
642,17,27,PAYMENT,445,4005746.66,0,0.0
642,17,27,TRANSFER,105,47124361.89,4,833667.41
643,18,27,CASH_OUT,7,7914849.279999999,7,7914849.279999999
643,18,27,TRANSFER,7,7914849.279999999,7,7914849.279999999
644,19,27,CASH_IN,514,77168340.55,0,0.0
644,19,27,CASH_OUT,720,119555321.15,5,5879997.159999999
644,19,27,DEBIT,13,19692.649999999998,0,0.0
644,19,27,PAYMENT,810,8838553.87,0,0.0
644,19,27,TRANSFER,210,125632304.36,5,5879997.159999999
645,20,27,CASH_OUT,5,12139875.790000001,5,12139875.790000001
645,20,27,TRANSFER,5,12139875.790000001,5,12139875.790000001
646,21,27,CASH_OUT,10,57080280.98,10,57080280.98
646,21,27,TRANSFER,10,67479326.06,10,67479326.06
647,22,27,CASH_OUT,5,4862508.29,5,4862508.29
647,22,27,TRANSFER,5,4862508.29,5,4862508.29
648,23,27,CASH_OUT,7,3778443.76,7,3778443.76
648,23,27,TRANSFER,7,3778443.76,7,3778443.76
649,0,28,CASH_IN,84,16145904.58,0,0.0
649,0,28,CASH_OUT,50,11084637.31,5,2055395.78
649,0,28,DEBIT,12,34295.6,0,0.0
649,0,28,PAYMENT,98,413030.27999999997,0,0.0
649,0,28,TRANSFER,19,9981919.45,5,2055395.78
650,1,28,CASH_OUT,8,7726509.55,8,7726509.55
650,1,28,TRANSFER,8,7726509.55,8,7726509.55
651,2,28,CASH_OUT,5,13724670.16,5,13724670.16
651,2,28,TRANSFER,5,13724670.16,5,13724670.16
652,3,28,CASH_OUT,7,6900055.88,7,6900055.88
652,3,28,TRANSFER,7,6900055.88,7,6900055.88
653,4,28,CASH_OUT,4,1667944.61,4,1667944.61
653,4,28,TRANSFER,4,1667944.61,4,1667944.61
654,5,28,CASH_OUT,4,2122159.95,4,2122159.95
654,5,28,TRANSFER,4,2122159.95,4,2122159.95
655,6,28,CASH_OUT,2,299407.39,2,299407.39
655,6,28,TRANSFER,2,299407.39,2,299407.39
656,7,28,CASH_IN,413,63835090.32,0,0.0
656,7,28,CASH_OUT,477,92632158.89,8,11258067.520000001
656,7,28,DEBIT,14,18849.72,0,0.0
656,7,28,PAYMENT,879,6264169.37,0,0.0
656,7,28,TRANSFER,182,97103388.3,8,11258067.520000001
657,8,28,CASH_OUT,5,6449236.86,5,6449236.86
657,8,28,TRANSFER,5,6449236.86,5,6449236.86
658,9,28,CASH_OUT,7,11274442.67,7,11274442.67
658,9,28,TRANSFER,7,11274442.67,7,11274442.67
659,10,28,CASH_IN,685,121939380.65,0,0.0
659,10,28,CASH_OUT,764,148550985.2,5,4684447.33
659,10,28,DEBIT,13,32545.15,0,0.0
659,10,28,PAYMENT,767,7687764.08,0,0.0
659,10,28,TRANSFER,271,595466276.67,5,4684447.33
660,11,28,CASH_OUT,6,968848.89,6,968848.89
660,11,28,TRANSFER,6,968848.89,6,968848.89
661,12,28,CASH_IN,1115,206063647.24,0,0.0
661,12,28,CASH_OUT,1577,335801850.12,4,19462154.38
661,12,28,DEBIT,19,155146.87,0,0.0
661,12,28,PAYMENT,1604,17791262.58,0,0.0
661,12,28,TRANSFER,562,341629018.33,4,19462154.38
662,13,28,CASH_OUT,1,1468304.35,1,1468304.35
662,13,28,TRANSFER,1,1468304.35,1,1468304.35
663,14,28,CASH_OUT,5,1621036.1500000001,5,1621036.1500000001
663,14,28,TRANSFER,5,1621036.1500000001,5,1621036.1500000001
664,15,28,CASH_IN,295,55368969.81,0,0.0
664,15,28,CASH_OUT,342,72768872.94,10,15216892.950000001
664,15,28,DEBIT,3,3252.67,0,0.0
664,15,28,PAYMENT,401,4629010.47,0,0.0
664,15,28,TRANSFER,84,73751748.05,10,15216892.950000001
665,16,28,CASH_OUT,5,4452408.65,5,4452408.65
665,16,28,TRANSFER,5,4452408.65,5,4452408.65
666,17,28,CASH_OUT,3,763643.55,3,763643.55
666,17,28,TRANSFER,3,763643.55,3,763643.55
667,18,28,CASH_IN,386,58580738.28,0,0.0
667,18,28,CASH_OUT,474,64846733.43,3,662348.74
667,18,28,DEBIT,7,9965.58,0,0.0
667,18,28,PAYMENT,440,3903664.19,0,0.0
667,18,28,TRANSFER,93,52629355.92,3,662348.74
668,19,28,CASH_OUT,4,13445251.4,4,13445251.4
668,19,28,TRANSFER,4,13445251.4,4,13445251.4
669,20,28,CASH_IN,152,25036325.56,0,0.0
669,20,28,CASH_OUT,76,19235294.25,4,5663817.37
669,20,28,DEBIT,2,1680.0700000000002,0,0.0
669,20,28,PAYMENT,73,632877.31,0,0.0
669,20,28,TRANSFER,19,13907701.0,4,5663817.37
670,21,28,CASH_IN,409,63813145.62,0,0.0
670,21,28,CASH_OUT,363,74013671.13,6,17079481.13
670,21,28,DEBIT,24,32422.78,0,0.0
670,21,28,PAYMENT,947,7830774.65,0,0.0
670,21,28,TRANSFER,163,91961995.81,6,17079481.13
671,22,28,CASH_OUT,9,30443461.62,9,30443461.62
671,22,28,TRANSFER,9,33884503.08,9,33884503.08
672,23,28,CASH_IN,37,6140267.08,0,0.0
672,23,28,CASH_OUT,31,13334203.12,4,7805505.569999999
672,23,28,DEBIT,2,1387.93,0,0.0
672,23,28,PAYMENT,56,250185.23,0,0.0
672,23,28,TRANSFER,27,21306669.35,4,7805505.569999999
673,0,29,CASH_IN,128,19411637.51,0,0.0
673,0,29,CASH_OUT,54,10940005.66,6,2979061.2399999998
673,0,29,DEBIT,20,54155.47,0,0.0
673,0,29,PAYMENT,224,1594038.73,0,0.0
673,0,29,TRANSFER,19,14009202.24,6,2979061.2399999998
674,1,29,CASH_OUT,7,21013979.12,7,21013979.12
674,1,29,TRANSFER,7,21013979.12,7,21013979.12
675,2,29,CASH_OUT,17,16988478.21,5,14857840.9
675,2,29,PAYMENT,5,8137.98,0,0.0
675,2,29,TRANSFER,8,25256685.63,5,14857840.9
676,3,29,CASH_OUT,4,9058945.56,4,9058945.56
676,3,29,TRANSFER,4,9058945.56,4,9058945.56
677,4,29,CASH_OUT,4,22032550.18,4,22032550.18
677,4,29,TRANSFER,4,22032550.18,4,22032550.18
678,5,29,CASH_OUT,3,2480927.18,3,2480927.18
678,5,29,TRANSFER,3,2480927.18,3,2480927.18
679,6,29,CASH_IN,6,1062088.2,0,0.0
679,6,29,CASH_OUT,17,6096468.47,3,3752096.4899999998
679,6,29,DEBIT,1,8760.24,0,0.0
679,6,29,PAYMENT,35,172174.67,0,0.0
679,6,29,TRANSFER,13,17709155.4,3,3752096.4899999998
680,7,29,CASH_OUT,11,30057295.36,11,30057295.36
680,7,29,TRANSFER,11,30057295.36,11,30057295.36
681,8,29,CASH_IN,1112,189810228.88,0,0.0
681,8,29,CASH_OUT,1500,295582366.82,2,8912024.04
681,8,29,DEBIT,20,129741.58,0,0.0
681,8,29,PAYMENT,1546,18907022.18,0,0.0
681,8,29,TRANSFER,525,405805904.83,2,8912024.04
682,9,29,CASH_OUT,3,438781.17,3,438781.17
682,9,29,TRANSFER,3,438781.17,3,438781.17
683,10,29,CASH_IN,505,90643485.62,0,0.0
683,10,29,CASH_OUT,813,163126381.79,4,6747262.08
683,10,29,DEBIT,9,39157.88,0,0.0
683,10,29,PAYMENT,642,7686734.39,0,0.0
683,10,29,TRANSFER,223,197749245.49,4,6747262.08
684,11,29,CASH_IN,1133,202465417.64,0,0.0
684,11,29,CASH_OUT,1519,273429014.6,4,2135838.59
684,11,29,DEBIT,20,47872.979999999996,0,0.0
684,11,29,PAYMENT,1418,20709474.08,0,0.0
684,11,29,TRANSFER,472,987698262.5,4,2135838.59
685,12,29,CASH_OUT,7,23772266.99,7,23772266.99
685,12,29,TRANSFER,7,23772266.99,7,23772266.99
686,13,29,CASH_IN,1070,194158656.17,0,0.0
686,13,29,CASH_OUT,1604,325469565.65,8,6091660.77
686,13,29,DEBIT,32,78275.7,0,0.0
686,13,29,PAYMENT,1505,18508411.25,0,0.0
686,13,29,TRANSFER,478,293600647.08,8,6091660.77
687,14,29,CASH_IN,1916,329812941.52,0,0.0
687,14,29,CASH_OUT,2801,517562105.24,4,3935205.3299999996
687,14,29,DEBIT,82,321309.13,0,0.0
687,14,29,PAYMENT,2476,29875144.45,0,0.0
687,14,29,TRANSFER,765,489141887.17,4,3935205.3299999996
688,15,29,CASH_IN,1895,325069889.33,0,0.0
688,15,29,CASH_OUT,2767,493631783.84,4,9825381.61
688,15,29,DEBIT,59,181336.43,0,0.0
688,15,29,PAYMENT,2421,30201589.04,0,0.0
688,15,29,TRANSFER,743,338281286.91,4,9825381.61
689,16,29,CASH_OUT,7,10136703.44,7,10136703.44
689,16,29,TRANSFER,7,10136703.44,7,10136703.44
690,17,29,CASH_IN,1109,182787792.88,0,0.0
690,17,29,CASH_OUT,1800,291127352.19,6,8952084.58
690,17,29,DEBIT,24,71759.37,0,0.0
690,17,29,PAYMENT,1565,17597785.5,0,0.0
690,17,29,TRANSFER,474,210707542.0,6,8952084.58
691,18,29,CASH_IN,1128,165599977.71,0,0.0
691,18,29,CASH_OUT,1648,229550279.21,6,2837791.69
691,18,29,DEBIT,24,60220.81,0,0.0
691,18,29,PAYMENT,1575,20560469.45,0,0.0
691,18,29,TRANSFER,434,199050577.11,6,2837791.69
692,19,29,CASH_IN,1529,225348925.59,0,0.0
692,19,29,CASH_OUT,2309,337320374.44,10,21829387.84
692,19,29,DEBIT,44,123877.26,0,0.0
692,19,29,PAYMENT,2411,35255911.33,0,0.0
692,19,29,TRANSFER,605,235529909.1,10,21829387.84
693,20,29,CASH_OUT,2,1482536.51,2,1482536.51
693,20,29,TRANSFER,2,1482536.51,2,1482536.51
694,21,29,CASH_IN,528,79563679.05,0,0.0
694,21,29,CASH_OUT,596,107086944.63,12,25959570.37
694,21,29,DEBIT,42,162751.55,0,0.0
694,21,29,PAYMENT,1234,13863823.1,0,0.0
694,21,29,TRANSFER,264,126919903.91,12,25959570.37
695,22,29,CASH_IN,623,96416028.45,0,0.0
695,22,29,CASH_OUT,469,72929388.25,5,10493140.89
695,22,29,DEBIT,85,284017.43,0,0.0
695,22,29,PAYMENT,1376,10594389.17,0,0.0
695,22,29,TRANSFER,274,102756562.18,5,10493140.89
696,23,29,CASH_OUT,3,1191055.4,3,1191055.4
696,23,29,TRANSFER,3,1191055.4,3,1191055.4
697,0,30,CASH_OUT,6,3894327.14,6,3894327.14
697,0,30,TRANSFER,6,3894327.14,6,3894327.14
698,1,30,CASH_OUT,28,31421731.27,8,28245766.3
698,1,30,DEBIT,1,323.3,0,0.0
698,1,30,PAYMENT,8,82687.58,0,0.0
698,1,30,TRANSFER,28,38531560.74,8,28245766.3
699,2,30,CASH_OUT,18,5162624.32,8,3875493.88
699,2,30,DEBIT,2,1861.51,0,0.0
699,2,30,PAYMENT,11,39595.24,0,0.0
699,2,30,TRANSFER,24,11186146.08,8,3875493.88
700,3,30,CASH_OUT,3,1094960.33,3,1094960.33
700,3,30,TRANSFER,3,1094960.33,3,1094960.33
701,4,30,CASH_OUT,9,12910278.49,9,12910278.49
701,4,30,TRANSFER,9,12910278.49,9,12910278.49
702,5,30,CASH_OUT,7,31122791.06,7,31122791.06
702,5,30,TRANSFER,7,34293876.65,7,34293876.65
703,6,30,CASH_OUT,4,7361533.0200000005,4,7361533.0200000005
703,6,30,TRANSFER,4,7361533.0200000005,4,7361533.0200000005
704,7,30,CASH_OUT,8,15512878.43,8,15512878.43
704,7,30,TRANSFER,8,15512878.43,8,15512878.43
705,8,30,CASH_IN,668,108849187.58,0,0.0
705,8,30,CASH_OUT,726,122074732.37,5,1915608.18
705,8,30,DEBIT,15,140835.78,0,0.0
705,8,30,PAYMENT,745,8621512.47,0,0.0
705,8,30,TRANSFER,208,121685060.89999999,5,1915608.18
706,9,30,CASH_OUT,2,1200551.45,2,1200551.45
706,9,30,TRANSFER,2,1200551.45,2,1200551.45
707,10,30,CASH_IN,94,15186604.34,0,0.0
707,10,30,CASH_OUT,111,25548259.06,5,5627982.64
707,10,30,DEBIT,1,2638.03,0,0.0
707,10,30,PAYMENT,66,1056100.27,0,0.0
707,10,30,TRANSFER,37,17318430.35,5,5627982.64
708,11,30,CASH_OUT,2,3229672.4299999997,2,3229672.4299999997
708,11,30,TRANSFER,2,3229672.4299999997,2,3229672.4299999997
709,12,30,CASH_IN,541,96340293.4,0,0.0
709,12,30,CASH_OUT,864,155619393.17,4,410502.42000000004
709,12,30,DEBIT,26,92449.25,0,0.0
709,12,30,PAYMENT,690,12587185.63,0,0.0
709,12,30,TRANSFER,192,95474063.94,4,410502.42000000004
710,13,30,CASH_IN,369,67316732.96,0,0.0
710,13,30,CASH_OUT,751,195319377.04,7,38846334.589999996
710,13,30,DEBIT,14,66411.27,0,0.0
710,13,30,PAYMENT,496,10172922.03,0,0.0
710,13,30,TRANSFER,158,105700865.21,7,38846334.589999996
711,14,30,CASH_OUT,4,7185662.58,4,7185662.58
711,14,30,TRANSFER,4,7185662.58,4,7185662.58
712,15,30,CASH_IN,3,738826.44,0,0.0
712,15,30,CASH_OUT,12,3019477.28,6,1243804.24
712,15,30,PAYMENT,2,60565.850000000006,0,0.0
712,15,30,TRANSFER,6,1243804.24,6,1243804.24
713,16,30,CASH_OUT,4,7059762.65,4,7059762.65
713,16,30,TRANSFER,4,7059762.65,4,7059762.65
714,17,30,CASH_IN,139,25905093.81,0,0.0
714,17,30,CASH_OUT,287,62622889.31,7,12232959.86
714,17,30,DEBIT,8,34414.79,0,0.0
714,17,30,PAYMENT,193,1671724.96,0,0.0
714,17,30,TRANSFER,54,34741139.07,7,12232959.86
715,18,30,CASH_IN,390,55677872.64,0,0.0
715,18,30,CASH_OUT,843,129664935.98,5,10996110.33
715,18,30,DEBIT,16,91046.85,0,0.0
715,18,30,PAYMENT,505,5286427.62,0,0.0
715,18,30,TRANSFER,125,55604988.4,5,10996110.33
716,19,30,CASH_IN,17,2139821.31,0,0.0
716,19,30,CASH_OUT,60,17222116.23,4,9700828.56
716,19,30,DEBIT,1,12230.3,0,0.0
716,19,30,PAYMENT,47,259236.03,0,0.0
716,19,30,TRANSFER,15,13275870.78,4,9700828.56
717,20,30,CASH_IN,112,10344989.01,0,0.0
717,20,30,CASH_OUT,165,27545211.38,6,10807802.98
717,20,30,DEBIT,11,25364.21,0,0.0
717,20,30,PAYMENT,298,2349199.73,0,0.0
717,20,30,TRANSFER,46,17375153.48,6,10807802.98
718,21,30,CASH_IN,86,8917419.73,0,0.0
718,21,30,CASH_OUT,121,36373053.769999996,8,22001809.349999998
718,21,30,DEBIT,30,42846.31,0,0.0
718,21,30,PAYMENT,621,5207230.73,0,0.0
718,21,30,TRANSFER,60,27655347.99,8,22001809.349999998
719,22,30,CASH_OUT,7,9629677.82,7,9629677.82
719,22,30,TRANSFER,7,9629677.82,7,9629677.82
720,23,30,CASH_OUT,5,808623.23,5,808623.23
720,23,30,TRANSFER,5,808623.23,5,808623.23
721,0,31,CASH_OUT,2,94856.18,2,94856.18
721,0,31,TRANSFER,2,94856.18,2,94856.18
722,1,31,CASH_OUT,5,4755657.79,5,4755657.79
722,1,31,TRANSFER,5,4755657.79,5,4755657.79
723,2,31,CASH_OUT,7,10461546.51,7,10461546.51
723,2,31,TRANSFER,7,10461546.51,7,10461546.51
724,3,31,CASH_OUT,7,3060056.88,7,3060056.88
724,3,31,TRANSFER,7,3060056.88,7,3060056.88
725,4,31,CASH_OUT,2,996581.85,2,996581.85
725,4,31,TRANSFER,2,996581.85,2,996581.85
726,5,31,CASH_OUT,11,10106992.2,11,10106992.2
726,5,31,TRANSFER,11,10106992.2,11,10106992.2
727,6,31,CASH_OUT,6,7926108.55,6,7926108.55
727,6,31,TRANSFER,6,7926108.55,6,7926108.55
728,7,31,CASH_OUT,5,10828032.62,5,10828032.62
728,7,31,TRANSFER,5,10828032.62,5,10828032.62
729,8,31,CASH_OUT,2,1192978.2899999998,2,1192978.2899999998
729,8,31,TRANSFER,2,1192978.2899999998,2,1192978.2899999998
730,9,31,CASH_OUT,14,48843590.0,14,48843590.0
730,9,31,TRANSFER,14,66159845.05,14,66159845.05
731,10,31,CASH_OUT,8,1940477.67,8,1940477.67
731,10,31,TRANSFER,8,1940477.67,8,1940477.67
732,11,31,CASH_OUT,5,2195975.46,5,2195975.46
732,11,31,TRANSFER,5,2195975.46,5,2195975.46
733,12,31,CASH_OUT,5,3056601.6399999997,5,3056601.6399999997
733,12,31,TRANSFER,5,3056601.6399999997,5,3056601.6399999997
734,13,31,CASH_OUT,4,13913703.18,4,13913703.18
734,13,31,TRANSFER,4,13913703.18,4,13913703.18
735,14,31,CASH_OUT,6,1577761.66,6,1577761.66
735,14,31,TRANSFER,6,1577761.66,6,1577761.66
736,15,31,CASH_OUT,7,16265483.67,7,16265483.67
736,15,31,TRANSFER,7,16265483.67,7,16265483.67
737,16,31,CASH_OUT,5,4780059.94,5,4780059.94
737,16,31,TRANSFER,5,4780059.94,5,4780059.94
738,17,31,CASH_OUT,5,1441851.49,5,1441851.49
738,17,31,TRANSFER,5,1441851.49,5,1441851.49
739,18,31,CASH_OUT,5,8293915.68,5,8293915.68
739,18,31,TRANSFER,5,8293915.68,5,8293915.68
740,19,31,CASH_OUT,3,3816481.79,3,3816481.79
740,19,31,TRANSFER,3,3816481.79,3,3816481.79
741,20,31,CASH_OUT,11,41077222.55,11,41077222.55
741,20,31,TRANSFER,11,46751770.44,11,46751770.44
742,21,31,CASH_OUT,7,7161867.600000001,7,7161867.600000001
742,21,31,TRANSFER,7,7161867.600000001,7,7161867.600000001
743,22,31,CASH_OUT,4,8759912.75,4,8759912.75
743,22,31,TRANSFER,4,8759912.75,4,8759912.75
